<?xml version="1.0" encoding="UTF-8"?>
<root>
  <item name="com.google.android.accessibility.talkback.imagecaption.CaptionRequest java.lang.String errorName(int) 0">
    <annotation name="androidx.annotation.IntDef">
      <val name="value" val="{com.google.android.accessibility.talkback.imagecaption.CaptionRequest.ERROR_IMAGE_CAPTION_NO_RESULT, com.google.android.accessibility.talkback.imagecaption.CaptionRequest.ERROR_ICON_DETECTION_NO_RESULT, com.google.android.accessibility.talkback.imagecaption.CaptionRequest.ERROR_TIMEOUT}" />
    </annotation>
  </item>
  <item name="com.google.android.accessibility.talkback.imagecaption.CaptionRequest void onError(int) 0">
    <annotation name="androidx.annotation.IntDef">
      <val name="value" val="{com.google.android.accessibility.talkback.imagecaption.CaptionRequest.ERROR_IMAGE_CAPTION_NO_RESULT, com.google.android.accessibility.talkback.imagecaption.CaptionRequest.ERROR_ICON_DETECTION_NO_RESULT, com.google.android.accessibility.talkback.imagecaption.CaptionRequest.ERROR_TIMEOUT}" />
    </annotation>
  </item>
  <item name="com.google.android.accessibility.talkback.imagecaption.CaptionRequest.ErrorCode">
    <annotation name="androidx.annotation.IntDef">
      <val name="value" val="{com.google.android.accessibility.talkback.imagecaption.CaptionRequest.ERROR_IMAGE_CAPTION_NO_RESULT, com.google.android.accessibility.talkback.imagecaption.CaptionRequest.ERROR_ICON_DETECTION_NO_RESULT, com.google.android.accessibility.talkback.imagecaption.CaptionRequest.ERROR_TIMEOUT}" />
    </annotation>
  </item>
  <item name="com.google.android.accessibility.talkback.imagecaption.CaptionRequest.OnErrorListener void onError(com.google.android.accessibility.utils.AccessibilityNode, int, boolean) 1">
    <annotation name="androidx.annotation.IntDef">
      <val name="value" val="{com.google.android.accessibility.talkback.imagecaption.CaptionRequest.ERROR_IMAGE_CAPTION_NO_RESULT, com.google.android.accessibility.talkback.imagecaption.CaptionRequest.ERROR_ICON_DETECTION_NO_RESULT, com.google.android.accessibility.talkback.imagecaption.CaptionRequest.ERROR_TIMEOUT}" />
    </annotation>
  </item>
</root>

