<?xml version="1.0" encoding="UTF-8"?>
<root>
  <item name="com.google.android.accessibility.utils.output.SpeechControllerImpl capLetterFeedback">
    <annotation name="androidx.annotation.IntDef">
      <val name="value" val="{com.google.android.accessibility.utils.output.SpeechControllerImpl.CAPITAL_LETTERS_TYPE_SPEAK_CAP, com.google.android.accessibility.utils.output.SpeechControllerImpl.CAPITAL_LETTERS_TYPE_PITCH, com.google.android.accessibility.utils.output.SpeechControllerImpl.CAPITAL_LETTERS_TYPE_SOUND_FEEDBACK}" />
    </annotation>
  </item>
  <item name="com.google.android.accessibility.utils.output.SpeechControllerImpl void setCapLetterFeedback(int) 0">
    <annotation name="androidx.annotation.IntDef">
      <val name="value" val="{com.google.android.accessibility.utils.output.SpeechControllerImpl.CAPITAL_LETTERS_TYPE_SPEAK_CAP, com.google.android.accessibility.utils.output.SpeechControllerImpl.CAPITAL_LETTERS_TYPE_PITCH, com.google.android.accessibility.utils.output.SpeechControllerImpl.CAPITAL_LETTERS_TYPE_SOUND_FEEDBACK}" />
    </annotation>
  </item>
  <item name="com.google.android.accessibility.utils.output.SpeechControllerImpl.CapitalLetterHandlingMethod">
    <annotation name="androidx.annotation.IntDef">
      <val name="value" val="{com.google.android.accessibility.utils.output.SpeechControllerImpl.CAPITAL_LETTERS_TYPE_SPEAK_CAP, com.google.android.accessibility.utils.output.SpeechControllerImpl.CAPITAL_LETTERS_TYPE_PITCH, com.google.android.accessibility.utils.output.SpeechControllerImpl.CAPITAL_LETTERS_TYPE_SOUND_FEEDBACK}" />
    </annotation>
  </item>
</root>

