<?xml version="1.0" encoding="UTF-8"?>
<root>
  <item name="com.google.android.accessibility.talkback.actor.AutoScrollActor boolean ensureOnScreen(int, androidx.core.view.accessibility.AccessibilityNodeInfoCompat, androidx.core.view.accessibility.AccessibilityNodeInfoCompat, com.google.android.accessibility.talkback.actor.AutoScrollActor.AutoScrollRecord.Source, com.google.android.accessibility.talkback.ScrollEventInterpreter.ScrollTimeout, com.google.android.accessibility.utils.Performance.EventId) 0">
    <annotation name="androidx.annotation.IntDef">
      <val name="value" val="{com.google.android.accessibility.talkback.ScrollEventInterpreter.ACTION_UNKNOWN, com.google.android.accessibility.talkback.ScrollEventInterpreter.ACTION_AUTO_SCROLL, com.google.android.accessibility.talkback.ScrollEventInterpreter.ACTION_SCROLL_SHORTCUT, com.google.android.accessibility.talkback.ScrollEventInterpreter.ACTION_MANUAL_SCROLL}" />
    </annotation>
  </item>
  <item name="com.google.android.accessibility.talkback.actor.AutoScrollActor boolean scroll(int, com.google.android.accessibility.utils.AccessibilityNode, androidx.core.view.accessibility.AccessibilityNodeInfoCompat, int, com.google.android.accessibility.talkback.actor.AutoScrollActor.AutoScrollRecord.Source, com.google.android.accessibility.talkback.ScrollEventInterpreter.ScrollTimeout, com.google.android.accessibility.utils.Performance.EventId) 0">
    <annotation name="androidx.annotation.IntDef">
      <val name="value" val="{com.google.android.accessibility.talkback.ScrollEventInterpreter.ACTION_UNKNOWN, com.google.android.accessibility.talkback.ScrollEventInterpreter.ACTION_AUTO_SCROLL, com.google.android.accessibility.talkback.ScrollEventInterpreter.ACTION_SCROLL_SHORTCUT, com.google.android.accessibility.talkback.ScrollEventInterpreter.ACTION_MANUAL_SCROLL}" />
    </annotation>
  </item>
  <item name="com.google.android.accessibility.talkback.actor.AutoScrollActor void setScrollRecord(int, com.google.android.accessibility.utils.AccessibilityNode, androidx.core.view.accessibility.AccessibilityNodeInfoCompat, com.google.android.accessibility.talkback.actor.AutoScrollActor.AutoScrollRecord.Source, long, com.google.android.accessibility.talkback.ScrollEventInterpreter.ScrollTimeout) 0">
    <annotation name="androidx.annotation.IntDef">
      <val name="value" val="{com.google.android.accessibility.talkback.ScrollEventInterpreter.ACTION_UNKNOWN, com.google.android.accessibility.talkback.ScrollEventInterpreter.ACTION_AUTO_SCROLL, com.google.android.accessibility.talkback.ScrollEventInterpreter.ACTION_SCROLL_SHORTCUT, com.google.android.accessibility.talkback.ScrollEventInterpreter.ACTION_MANUAL_SCROLL}" />
    </annotation>
  </item>
  <item name="com.google.android.accessibility.talkback.actor.AutoScrollActor.AutoScrollRecord AutoScrollRecord(int, com.google.android.accessibility.utils.AccessibilityNode, androidx.core.view.accessibility.AccessibilityNodeInfoCompat, int, long, com.google.android.accessibility.talkback.actor.AutoScrollActor.AutoScrollRecord.Source) 3">
    <annotation name="androidx.annotation.IntDef">
      <val name="value" val="{com.google.android.accessibility.talkback.ScrollEventInterpreter.ACTION_UNKNOWN, com.google.android.accessibility.talkback.ScrollEventInterpreter.ACTION_AUTO_SCROLL, com.google.android.accessibility.talkback.ScrollEventInterpreter.ACTION_SCROLL_SHORTCUT, com.google.android.accessibility.talkback.ScrollEventInterpreter.ACTION_MANUAL_SCROLL}" />
    </annotation>
  </item>
  <item name="com.google.android.accessibility.talkback.actor.AutoScrollActor.AutoScrollRecord userAction">
    <annotation name="androidx.annotation.IntDef">
      <val name="value" val="{com.google.android.accessibility.talkback.ScrollEventInterpreter.ACTION_UNKNOWN, com.google.android.accessibility.talkback.ScrollEventInterpreter.ACTION_AUTO_SCROLL, com.google.android.accessibility.talkback.ScrollEventInterpreter.ACTION_SCROLL_SHORTCUT, com.google.android.accessibility.talkback.ScrollEventInterpreter.ACTION_MANUAL_SCROLL}" />
    </annotation>
  </item>
  <item name="com.google.android.accessibility.talkback.actor.DirectionNavigationActor boolean navigateToHtmlElement(int, int, int, com.google.android.accessibility.utils.Performance.EventId) 0">
    <annotation name="androidx.annotation.IntDef">
      <val name="value" val="{com.google.android.accessibility.talkback.focusmanagement.NavigationTarget.TARGET_DEFAULT, com.google.android.accessibility.talkback.focusmanagement.NavigationTarget.TARGET_HEADING, com.google.android.accessibility.talkback.focusmanagement.NavigationTarget.TARGET_CONTROL, com.google.android.accessibility.talkback.focusmanagement.NavigationTarget.TARGET_LINK, com.google.android.accessibility.talkback.focusmanagement.NavigationTarget.TARGET_HTML_ELEMENT_LINK, com.google.android.accessibility.talkback.focusmanagement.NavigationTarget.TARGET_HTML_ELEMENT_LIST, com.google.android.accessibility.talkback.focusmanagement.NavigationTarget.TARGET_HTML_ELEMENT_CONTROL, com.google.android.accessibility.talkback.focusmanagement.NavigationTarget.TARGET_HTML_ELEMENT_HEADING, com.google.android.accessibility.talkback.focusmanagement.NavigationTarget.TARGET_HTML_ELEMENT_BUTTON, com.google.android.accessibility.talkback.focusmanagement.NavigationTarget.TARGET_HTML_ELEMENT_CHECKBOX, com.google.android.accessibility.talkback.focusmanagement.NavigationTarget.TARGET_HTML_ELEMENT_ARIA_LANDMARK, com.google.android.accessibility.talkback.focusmanagement.NavigationTarget.TARGET_HTML_ELEMENT_EDIT_FIELD, com.google.android.accessibility.talkback.focusmanagement.NavigationTarget.TARGET_HTML_ELEMENT_FOCUSABLE_ITEM, com.google.android.accessibility.talkback.focusmanagement.NavigationTarget.TARGET_HTML_ELEMENT_HEADING_1, com.google.android.accessibility.talkback.focusmanagement.NavigationTarget.TARGET_HTML_ELEMENT_HEADING_2, com.google.android.accessibility.talkback.focusmanagement.NavigationTarget.TARGET_HTML_ELEMENT_HEADING_3, com.google.android.accessibility.talkback.focusmanagement.NavigationTarget.TARGET_HTML_ELEMENT_HEADING_4, com.google.android.accessibility.talkback.focusmanagement.NavigationTarget.TARGET_HTML_ELEMENT_HEADING_5, com.google.android.accessibility.talkback.focusmanagement.NavigationTarget.TARGET_HTML_ELEMENT_HEADING_6, com.google.android.accessibility.talkback.focusmanagement.NavigationTarget.TARGET_HTML_ELEMENT_GRAPHIC, com.google.android.accessibility.talkback.focusmanagement.NavigationTarget.TARGET_HTML_ELEMENT_LIST_ITEM, com.google.android.accessibility.talkback.focusmanagement.NavigationTarget.TARGET_HTML_ELEMENT_TABLE, com.google.android.accessibility.talkback.focusmanagement.NavigationTarget.TARGET_HTML_ELEMENT_COMBOBOX, com.google.android.accessibility.talkback.focusmanagement.NavigationTarget.TARGET_WINDOW}" />
    </annotation>
  </item>
  <item name="com.google.android.accessibility.talkback.actor.DirectionNavigationActor boolean scrollDirection(com.google.android.accessibility.utils.Performance.EventId, int) 1">
    <annotation name="androidx.annotation.IntDef">
      <val name="value" val="{com.google.android.accessibility.talkback.focusmanagement.action.NavigationAction.UNKNOWN, com.google.android.accessibility.talkback.focusmanagement.action.NavigationAction.DIRECTIONAL_NAVIGATION, com.google.android.accessibility.talkback.focusmanagement.action.NavigationAction.JUMP_TO_TOP, com.google.android.accessibility.talkback.focusmanagement.action.NavigationAction.JUMP_TO_BOTTOM, com.google.android.accessibility.talkback.focusmanagement.action.NavigationAction.SCROLL_FORWARD, com.google.android.accessibility.talkback.focusmanagement.action.NavigationAction.SCROLL_BACKWARD, com.google.android.accessibility.talkback.focusmanagement.action.NavigationAction.SCROLL_UP, com.google.android.accessibility.talkback.focusmanagement.action.NavigationAction.SCROLL_DOWN, com.google.android.accessibility.talkback.focusmanagement.action.NavigationAction.SCROLL_LEFT, com.google.android.accessibility.talkback.focusmanagement.action.NavigationAction.SCROLL_RIGHT}" />
    </annotation>
  </item>
  <item name="com.google.android.accessibility.talkback.actor.DirectionNavigationActor int granularityToTargetType(com.google.android.accessibility.utils.input.CursorGranularity)">
    <annotation name="androidx.annotation.IntDef">
      <val name="value" val="{com.google.android.accessibility.talkback.focusmanagement.NavigationTarget.TARGET_DEFAULT, com.google.android.accessibility.talkback.focusmanagement.NavigationTarget.TARGET_HEADING, com.google.android.accessibility.talkback.focusmanagement.NavigationTarget.TARGET_CONTROL, com.google.android.accessibility.talkback.focusmanagement.NavigationTarget.TARGET_LINK, com.google.android.accessibility.talkback.focusmanagement.NavigationTarget.TARGET_HTML_ELEMENT_LINK, com.google.android.accessibility.talkback.focusmanagement.NavigationTarget.TARGET_HTML_ELEMENT_LIST, com.google.android.accessibility.talkback.focusmanagement.NavigationTarget.TARGET_HTML_ELEMENT_CONTROL, com.google.android.accessibility.talkback.focusmanagement.NavigationTarget.TARGET_HTML_ELEMENT_HEADING, com.google.android.accessibility.talkback.focusmanagement.NavigationTarget.TARGET_HTML_ELEMENT_BUTTON, com.google.android.accessibility.talkback.focusmanagement.NavigationTarget.TARGET_HTML_ELEMENT_CHECKBOX, com.google.android.accessibility.talkback.focusmanagement.NavigationTarget.TARGET_HTML_ELEMENT_ARIA_LANDMARK, com.google.android.accessibility.talkback.focusmanagement.NavigationTarget.TARGET_HTML_ELEMENT_EDIT_FIELD, com.google.android.accessibility.talkback.focusmanagement.NavigationTarget.TARGET_HTML_ELEMENT_FOCUSABLE_ITEM, com.google.android.accessibility.talkback.focusmanagement.NavigationTarget.TARGET_HTML_ELEMENT_HEADING_1, com.google.android.accessibility.talkback.focusmanagement.NavigationTarget.TARGET_HTML_ELEMENT_HEADING_2, com.google.android.accessibility.talkback.focusmanagement.NavigationTarget.TARGET_HTML_ELEMENT_HEADING_3, com.google.android.accessibility.talkback.focusmanagement.NavigationTarget.TARGET_HTML_ELEMENT_HEADING_4, com.google.android.accessibility.talkback.focusmanagement.NavigationTarget.TARGET_HTML_ELEMENT_HEADING_5, com.google.android.accessibility.talkback.focusmanagement.NavigationTarget.TARGET_HTML_ELEMENT_HEADING_6, com.google.android.accessibility.talkback.focusmanagement.NavigationTarget.TARGET_HTML_ELEMENT_GRAPHIC, com.google.android.accessibility.talkback.focusmanagement.NavigationTarget.TARGET_HTML_ELEMENT_LIST_ITEM, com.google.android.accessibility.talkback.focusmanagement.NavigationTarget.TARGET_HTML_ELEMENT_TABLE, com.google.android.accessibility.talkback.focusmanagement.NavigationTarget.TARGET_HTML_ELEMENT_COMBOBOX, com.google.android.accessibility.talkback.focusmanagement.NavigationTarget.TARGET_WINDOW}" />
    </annotation>
  </item>
  <item name="com.google.android.accessibility.talkback.actor.DirectionNavigationMapper com.google.android.accessibility.talkback.Feedback performWebNavigationKeyCombo(int, boolean, com.google.android.accessibility.utils.Performance.EventId) 0">
    <annotation name="androidx.annotation.IntDef">
      <val name="value" val="{com.google.android.accessibility.talkback.focusmanagement.NavigationTarget.TARGET_DEFAULT, com.google.android.accessibility.talkback.focusmanagement.NavigationTarget.TARGET_HEADING, com.google.android.accessibility.talkback.focusmanagement.NavigationTarget.TARGET_CONTROL, com.google.android.accessibility.talkback.focusmanagement.NavigationTarget.TARGET_LINK, com.google.android.accessibility.talkback.focusmanagement.NavigationTarget.TARGET_HTML_ELEMENT_LINK, com.google.android.accessibility.talkback.focusmanagement.NavigationTarget.TARGET_HTML_ELEMENT_LIST, com.google.android.accessibility.talkback.focusmanagement.NavigationTarget.TARGET_HTML_ELEMENT_CONTROL, com.google.android.accessibility.talkback.focusmanagement.NavigationTarget.TARGET_HTML_ELEMENT_HEADING, com.google.android.accessibility.talkback.focusmanagement.NavigationTarget.TARGET_HTML_ELEMENT_BUTTON, com.google.android.accessibility.talkback.focusmanagement.NavigationTarget.TARGET_HTML_ELEMENT_CHECKBOX, com.google.android.accessibility.talkback.focusmanagement.NavigationTarget.TARGET_HTML_ELEMENT_ARIA_LANDMARK, com.google.android.accessibility.talkback.focusmanagement.NavigationTarget.TARGET_HTML_ELEMENT_EDIT_FIELD, com.google.android.accessibility.talkback.focusmanagement.NavigationTarget.TARGET_HTML_ELEMENT_FOCUSABLE_ITEM, com.google.android.accessibility.talkback.focusmanagement.NavigationTarget.TARGET_HTML_ELEMENT_HEADING_1, com.google.android.accessibility.talkback.focusmanagement.NavigationTarget.TARGET_HTML_ELEMENT_HEADING_2, com.google.android.accessibility.talkback.focusmanagement.NavigationTarget.TARGET_HTML_ELEMENT_HEADING_3, com.google.android.accessibility.talkback.focusmanagement.NavigationTarget.TARGET_HTML_ELEMENT_HEADING_4, com.google.android.accessibility.talkback.focusmanagement.NavigationTarget.TARGET_HTML_ELEMENT_HEADING_5, com.google.android.accessibility.talkback.focusmanagement.NavigationTarget.TARGET_HTML_ELEMENT_HEADING_6, com.google.android.accessibility.talkback.focusmanagement.NavigationTarget.TARGET_HTML_ELEMENT_GRAPHIC, com.google.android.accessibility.talkback.focusmanagement.NavigationTarget.TARGET_HTML_ELEMENT_LIST_ITEM, com.google.android.accessibility.talkback.focusmanagement.NavigationTarget.TARGET_HTML_ELEMENT_TABLE, com.google.android.accessibility.talkback.focusmanagement.NavigationTarget.TARGET_HTML_ELEMENT_COMBOBOX, com.google.android.accessibility.talkback.focusmanagement.NavigationTarget.TARGET_WINDOW}" />
    </annotation>
  </item>
  <item name="com.google.android.accessibility.talkback.actor.FullScreenReadActor currentState">
    <annotation name="androidx.annotation.IntDef">
      <val name="value" val="{com.google.android.accessibility.talkback.actor.FullScreenReadActor.STATE_STOPPED, com.google.android.accessibility.talkback.actor.FullScreenReadActor.STATE_READING_FROM_BEGINNING, com.google.android.accessibility.talkback.actor.FullScreenReadActor.STATE_READING_FROM_NEXT}" />
    </annotation>
  </item>
  <item name="com.google.android.accessibility.talkback.actor.FullScreenReadActor stateWaitingForContentFocus">
    <annotation name="androidx.annotation.IntDef">
      <val name="value" val="{com.google.android.accessibility.talkback.actor.FullScreenReadActor.STATE_STOPPED, com.google.android.accessibility.talkback.actor.FullScreenReadActor.STATE_READING_FROM_BEGINNING, com.google.android.accessibility.talkback.actor.FullScreenReadActor.STATE_READING_FROM_NEXT}" />
    </annotation>
  </item>
  <item name="com.google.android.accessibility.talkback.actor.FullScreenReadActor void setReadingState(int) 0">
    <annotation name="androidx.annotation.IntDef">
      <val name="value" val="{com.google.android.accessibility.talkback.actor.FullScreenReadActor.STATE_STOPPED, com.google.android.accessibility.talkback.actor.FullScreenReadActor.STATE_READING_FROM_BEGINNING, com.google.android.accessibility.talkback.actor.FullScreenReadActor.STATE_READING_FROM_NEXT}" />
    </annotation>
  </item>
  <item name="com.google.android.accessibility.talkback.actor.FullScreenReadActor.ReadState">
    <annotation name="androidx.annotation.IntDef">
      <val name="value" val="{com.google.android.accessibility.talkback.actor.FullScreenReadActor.STATE_STOPPED, com.google.android.accessibility.talkback.actor.FullScreenReadActor.STATE_READING_FROM_BEGINNING, com.google.android.accessibility.talkback.actor.FullScreenReadActor.STATE_READING_FROM_NEXT}" />
    </annotation>
  </item>
</root>

