<?xml version="1.0" encoding="UTF-8"?>
<root>
  <item name="com.google.android.accessibility.utils.traversal.OrderedTraversalStrategy androidx.core.view.accessibility.AccessibilityNodeInfoCompat findFocus(androidx.core.view.accessibility.AccessibilityNodeInfoCompat, int) 1">
    <annotation name="androidx.annotation.IntDef">
      <val name="value" val="{com.google.android.accessibility.utils.traversal.TraversalStrategy.SEARCH_FOCUS_FORWARD, com.google.android.accessibility.utils.traversal.TraversalStrategy.SEARCH_FOCUS_BACKWARD, com.google.android.accessibility.utils.traversal.TraversalStrategy.SEARCH_FOCUS_LEFT, com.google.android.accessibility.utils.traversal.TraversalStrategy.SEARCH_FOCUS_RIGHT, com.google.android.accessibility.utils.traversal.TraversalStrategy.SEARCH_FOCUS_UP, com.google.android.accessibility.utils.traversal.TraversalStrategy.SEARCH_FOCUS_DOWN}" />
    </annotation>
  </item>
  <item name="com.google.android.accessibility.utils.traversal.OrderedTraversalStrategy androidx.core.view.accessibility.AccessibilityNodeInfoCompat focusInitial(androidx.core.view.accessibility.AccessibilityNodeInfoCompat, int) 1">
    <annotation name="androidx.annotation.IntDef">
      <val name="value" val="{com.google.android.accessibility.utils.traversal.TraversalStrategy.SEARCH_FOCUS_FORWARD, com.google.android.accessibility.utils.traversal.TraversalStrategy.SEARCH_FOCUS_BACKWARD, com.google.android.accessibility.utils.traversal.TraversalStrategy.SEARCH_FOCUS_LEFT, com.google.android.accessibility.utils.traversal.TraversalStrategy.SEARCH_FOCUS_RIGHT, com.google.android.accessibility.utils.traversal.TraversalStrategy.SEARCH_FOCUS_UP, com.google.android.accessibility.utils.traversal.TraversalStrategy.SEARCH_FOCUS_DOWN}" />
    </annotation>
  </item>
  <item name="com.google.android.accessibility.utils.traversal.SimpleTraversalStrategy androidx.core.view.accessibility.AccessibilityNodeInfoCompat findFocus(androidx.core.view.accessibility.AccessibilityNodeInfoCompat, int) 1">
    <annotation name="androidx.annotation.IntDef">
      <val name="value" val="{com.google.android.accessibility.utils.traversal.TraversalStrategy.SEARCH_FOCUS_FORWARD, com.google.android.accessibility.utils.traversal.TraversalStrategy.SEARCH_FOCUS_BACKWARD, com.google.android.accessibility.utils.traversal.TraversalStrategy.SEARCH_FOCUS_LEFT, com.google.android.accessibility.utils.traversal.TraversalStrategy.SEARCH_FOCUS_RIGHT, com.google.android.accessibility.utils.traversal.TraversalStrategy.SEARCH_FOCUS_UP, com.google.android.accessibility.utils.traversal.TraversalStrategy.SEARCH_FOCUS_DOWN}" />
    </annotation>
  </item>
  <item name="com.google.android.accessibility.utils.traversal.SimpleTraversalStrategy androidx.core.view.accessibility.AccessibilityNodeInfoCompat focusInitial(androidx.core.view.accessibility.AccessibilityNodeInfoCompat, int) 1">
    <annotation name="androidx.annotation.IntDef">
      <val name="value" val="{com.google.android.accessibility.utils.traversal.TraversalStrategy.SEARCH_FOCUS_FORWARD, com.google.android.accessibility.utils.traversal.TraversalStrategy.SEARCH_FOCUS_BACKWARD, com.google.android.accessibility.utils.traversal.TraversalStrategy.SEARCH_FOCUS_LEFT, com.google.android.accessibility.utils.traversal.TraversalStrategy.SEARCH_FOCUS_RIGHT, com.google.android.accessibility.utils.traversal.TraversalStrategy.SEARCH_FOCUS_UP, com.google.android.accessibility.utils.traversal.TraversalStrategy.SEARCH_FOCUS_DOWN}" />
    </annotation>
  </item>
  <item name="com.google.android.accessibility.utils.traversal.TraversalStrategy androidx.core.view.accessibility.AccessibilityNodeInfoCompat findFocus(androidx.core.view.accessibility.AccessibilityNodeInfoCompat, int) 1">
    <annotation name="androidx.annotation.IntDef">
      <val name="value" val="{com.google.android.accessibility.utils.traversal.TraversalStrategy.SEARCH_FOCUS_FORWARD, com.google.android.accessibility.utils.traversal.TraversalStrategy.SEARCH_FOCUS_BACKWARD, com.google.android.accessibility.utils.traversal.TraversalStrategy.SEARCH_FOCUS_LEFT, com.google.android.accessibility.utils.traversal.TraversalStrategy.SEARCH_FOCUS_RIGHT, com.google.android.accessibility.utils.traversal.TraversalStrategy.SEARCH_FOCUS_UP, com.google.android.accessibility.utils.traversal.TraversalStrategy.SEARCH_FOCUS_DOWN}" />
    </annotation>
  </item>
  <item name="com.google.android.accessibility.utils.traversal.TraversalStrategy androidx.core.view.accessibility.AccessibilityNodeInfoCompat focusInitial(androidx.core.view.accessibility.AccessibilityNodeInfoCompat, int) 1">
    <annotation name="androidx.annotation.IntDef">
      <val name="value" val="{com.google.android.accessibility.utils.traversal.TraversalStrategy.SEARCH_FOCUS_FORWARD, com.google.android.accessibility.utils.traversal.TraversalStrategy.SEARCH_FOCUS_BACKWARD, com.google.android.accessibility.utils.traversal.TraversalStrategy.SEARCH_FOCUS_LEFT, com.google.android.accessibility.utils.traversal.TraversalStrategy.SEARCH_FOCUS_RIGHT, com.google.android.accessibility.utils.traversal.TraversalStrategy.SEARCH_FOCUS_UP, com.google.android.accessibility.utils.traversal.TraversalStrategy.SEARCH_FOCUS_DOWN}" />
    </annotation>
  </item>
  <item name="com.google.android.accessibility.utils.traversal.TraversalStrategy.SearchDirection">
    <annotation name="androidx.annotation.IntDef">
      <val name="value" val="{com.google.android.accessibility.utils.traversal.TraversalStrategy.SEARCH_FOCUS_FORWARD, com.google.android.accessibility.utils.traversal.TraversalStrategy.SEARCH_FOCUS_BACKWARD, com.google.android.accessibility.utils.traversal.TraversalStrategy.SEARCH_FOCUS_LEFT, com.google.android.accessibility.utils.traversal.TraversalStrategy.SEARCH_FOCUS_RIGHT, com.google.android.accessibility.utils.traversal.TraversalStrategy.SEARCH_FOCUS_UP, com.google.android.accessibility.utils.traversal.TraversalStrategy.SEARCH_FOCUS_DOWN}" />
    </annotation>
  </item>
  <item name="com.google.android.accessibility.utils.traversal.TraversalStrategy.SearchDirectionOrUnknown">
    <annotation name="androidx.annotation.IntDef">
      <val name="value" val="{com.google.android.accessibility.utils.traversal.TraversalStrategy.SEARCH_FOCUS_UNKNOWN, com.google.android.accessibility.utils.traversal.TraversalStrategy.SEARCH_FOCUS_FORWARD, com.google.android.accessibility.utils.traversal.TraversalStrategy.SEARCH_FOCUS_BACKWARD, com.google.android.accessibility.utils.traversal.TraversalStrategy.SEARCH_FOCUS_LEFT, com.google.android.accessibility.utils.traversal.TraversalStrategy.SEARCH_FOCUS_RIGHT, com.google.android.accessibility.utils.traversal.TraversalStrategy.SEARCH_FOCUS_UP, com.google.android.accessibility.utils.traversal.TraversalStrategy.SEARCH_FOCUS_DOWN}" />
    </annotation>
  </item>
  <item name="com.google.android.accessibility.utils.traversal.TraversalStrategyUtils androidx.core.view.accessibility.AccessibilityNodeInfoCompat findInitialFocusInNodeTree(com.google.android.accessibility.utils.traversal.TraversalStrategy, androidx.core.view.accessibility.AccessibilityNodeInfoCompat, int, com.google.android.accessibility.utils.Filter&lt;androidx.core.view.accessibility.AccessibilityNodeInfoCompat&gt;) 2">
    <annotation name="androidx.annotation.IntDef">
      <val name="value" val="{com.google.android.accessibility.utils.traversal.TraversalStrategy.SEARCH_FOCUS_FORWARD, com.google.android.accessibility.utils.traversal.TraversalStrategy.SEARCH_FOCUS_BACKWARD, com.google.android.accessibility.utils.traversal.TraversalStrategy.SEARCH_FOCUS_LEFT, com.google.android.accessibility.utils.traversal.TraversalStrategy.SEARCH_FOCUS_RIGHT, com.google.android.accessibility.utils.traversal.TraversalStrategy.SEARCH_FOCUS_UP, com.google.android.accessibility.utils.traversal.TraversalStrategy.SEARCH_FOCUS_DOWN}" />
    </annotation>
  </item>
  <item name="com.google.android.accessibility.utils.traversal.TraversalStrategyUtils androidx.core.view.accessibility.AccessibilityNodeInfoCompat searchFocus(com.google.android.accessibility.utils.traversal.TraversalStrategy, androidx.core.view.accessibility.AccessibilityNodeInfoCompat, int, com.google.android.accessibility.utils.Filter&lt;androidx.core.view.accessibility.AccessibilityNodeInfoCompat&gt;) 2">
    <annotation name="androidx.annotation.IntDef">
      <val name="value" val="{com.google.android.accessibility.utils.traversal.TraversalStrategy.SEARCH_FOCUS_FORWARD, com.google.android.accessibility.utils.traversal.TraversalStrategy.SEARCH_FOCUS_BACKWARD, com.google.android.accessibility.utils.traversal.TraversalStrategy.SEARCH_FOCUS_LEFT, com.google.android.accessibility.utils.traversal.TraversalStrategy.SEARCH_FOCUS_RIGHT, com.google.android.accessibility.utils.traversal.TraversalStrategy.SEARCH_FOCUS_UP, com.google.android.accessibility.utils.traversal.TraversalStrategy.SEARCH_FOCUS_DOWN}" />
    </annotation>
  </item>
  <item name="com.google.android.accessibility.utils.traversal.TraversalStrategyUtils boolean isEdgeListItem(androidx.core.view.accessibility.AccessibilityNodeInfoCompat, boolean, int, com.google.android.accessibility.utils.Filter&lt;androidx.core.view.accessibility.AccessibilityNodeInfoCompat&gt;, com.google.android.accessibility.utils.traversal.TraversalStrategy) 2">
    <annotation name="androidx.annotation.IntDef">
      <val name="value" val="{com.google.android.accessibility.utils.traversal.TraversalStrategy.SEARCH_FOCUS_FORWARD, com.google.android.accessibility.utils.traversal.TraversalStrategy.SEARCH_FOCUS_BACKWARD, com.google.android.accessibility.utils.traversal.TraversalStrategy.SEARCH_FOCUS_LEFT, com.google.android.accessibility.utils.traversal.TraversalStrategy.SEARCH_FOCUS_RIGHT, com.google.android.accessibility.utils.traversal.TraversalStrategy.SEARCH_FOCUS_UP, com.google.android.accessibility.utils.traversal.TraversalStrategy.SEARCH_FOCUS_DOWN}" />
    </annotation>
  </item>
  <item name="com.google.android.accessibility.utils.traversal.TraversalStrategyUtils boolean isMatchingEdgeListItem(androidx.core.view.accessibility.AccessibilityNodeInfoCompat, androidx.core.view.accessibility.AccessibilityNodeInfoCompat, boolean, int, com.google.android.accessibility.utils.Filter&lt;androidx.core.view.accessibility.AccessibilityNodeInfoCompat&gt;, com.google.android.accessibility.utils.traversal.TraversalStrategy) 3">
    <annotation name="androidx.annotation.IntDef">
      <val name="value" val="{com.google.android.accessibility.utils.traversal.TraversalStrategy.SEARCH_FOCUS_FORWARD, com.google.android.accessibility.utils.traversal.TraversalStrategy.SEARCH_FOCUS_BACKWARD, com.google.android.accessibility.utils.traversal.TraversalStrategy.SEARCH_FOCUS_LEFT, com.google.android.accessibility.utils.traversal.TraversalStrategy.SEARCH_FOCUS_RIGHT, com.google.android.accessibility.utils.traversal.TraversalStrategy.SEARCH_FOCUS_UP, com.google.android.accessibility.utils.traversal.TraversalStrategy.SEARCH_FOCUS_DOWN}" />
    </annotation>
  </item>
  <item name="com.google.android.accessibility.utils.traversal.TraversalStrategyUtils boolean isSpatialDirection(int) 0">
    <annotation name="androidx.annotation.IntDef">
      <val name="value" val="{com.google.android.accessibility.utils.traversal.TraversalStrategy.SEARCH_FOCUS_FORWARD, com.google.android.accessibility.utils.traversal.TraversalStrategy.SEARCH_FOCUS_BACKWARD, com.google.android.accessibility.utils.traversal.TraversalStrategy.SEARCH_FOCUS_LEFT, com.google.android.accessibility.utils.traversal.TraversalStrategy.SEARCH_FOCUS_RIGHT, com.google.android.accessibility.utils.traversal.TraversalStrategy.SEARCH_FOCUS_UP, com.google.android.accessibility.utils.traversal.TraversalStrategy.SEARCH_FOCUS_DOWN}" />
    </annotation>
  </item>
  <item name="com.google.android.accessibility.utils.traversal.TraversalStrategyUtils com.google.android.accessibility.utils.traversal.TraversalStrategy getTraversalStrategy(androidx.core.view.accessibility.AccessibilityNodeInfoCompat, com.google.android.accessibility.utils.FocusFinder, int) 2">
    <annotation name="androidx.annotation.IntDef">
      <val name="value" val="{com.google.android.accessibility.utils.traversal.TraversalStrategy.SEARCH_FOCUS_FORWARD, com.google.android.accessibility.utils.traversal.TraversalStrategy.SEARCH_FOCUS_BACKWARD, com.google.android.accessibility.utils.traversal.TraversalStrategy.SEARCH_FOCUS_LEFT, com.google.android.accessibility.utils.traversal.TraversalStrategy.SEARCH_FOCUS_RIGHT, com.google.android.accessibility.utils.traversal.TraversalStrategy.SEARCH_FOCUS_UP, com.google.android.accessibility.utils.traversal.TraversalStrategy.SEARCH_FOCUS_DOWN}" />
    </annotation>
  </item>
  <item name="com.google.android.accessibility.utils.traversal.TraversalStrategyUtils int convertScrollActionToSearchDirection(int)">
    <annotation name="androidx.annotation.IntDef">
      <val name="value" val="{com.google.android.accessibility.utils.traversal.TraversalStrategy.SEARCH_FOCUS_UNKNOWN, com.google.android.accessibility.utils.traversal.TraversalStrategy.SEARCH_FOCUS_FORWARD, com.google.android.accessibility.utils.traversal.TraversalStrategy.SEARCH_FOCUS_BACKWARD, com.google.android.accessibility.utils.traversal.TraversalStrategy.SEARCH_FOCUS_LEFT, com.google.android.accessibility.utils.traversal.TraversalStrategy.SEARCH_FOCUS_RIGHT, com.google.android.accessibility.utils.traversal.TraversalStrategy.SEARCH_FOCUS_UP, com.google.android.accessibility.utils.traversal.TraversalStrategy.SEARCH_FOCUS_DOWN}" />
    </annotation>
  </item>
  <item name="com.google.android.accessibility.utils.traversal.TraversalStrategyUtils int convertSearchDirectionToScrollAction(int) 0">
    <annotation name="androidx.annotation.IntDef">
      <val name="value" val="{com.google.android.accessibility.utils.traversal.TraversalStrategy.SEARCH_FOCUS_FORWARD, com.google.android.accessibility.utils.traversal.TraversalStrategy.SEARCH_FOCUS_BACKWARD, com.google.android.accessibility.utils.traversal.TraversalStrategy.SEARCH_FOCUS_LEFT, com.google.android.accessibility.utils.traversal.TraversalStrategy.SEARCH_FOCUS_RIGHT, com.google.android.accessibility.utils.traversal.TraversalStrategy.SEARCH_FOCUS_UP, com.google.android.accessibility.utils.traversal.TraversalStrategy.SEARCH_FOCUS_DOWN}" />
    </annotation>
  </item>
  <item name="com.google.android.accessibility.utils.traversal.TraversalStrategyUtils int getLogicalDirection(int, boolean)">
    <annotation name="androidx.annotation.IntDef">
      <val name="value" val="{com.google.android.accessibility.utils.traversal.TraversalStrategy.SEARCH_FOCUS_FORWARD, com.google.android.accessibility.utils.traversal.TraversalStrategy.SEARCH_FOCUS_BACKWARD, com.google.android.accessibility.utils.traversal.TraversalStrategy.SEARCH_FOCUS_LEFT, com.google.android.accessibility.utils.traversal.TraversalStrategy.SEARCH_FOCUS_RIGHT, com.google.android.accessibility.utils.traversal.TraversalStrategy.SEARCH_FOCUS_UP, com.google.android.accessibility.utils.traversal.TraversalStrategy.SEARCH_FOCUS_DOWN}" />
    </annotation>
  </item>
  <item name="com.google.android.accessibility.utils.traversal.TraversalStrategyUtils int getLogicalDirection(int, boolean) 0">
    <annotation name="androidx.annotation.IntDef">
      <val name="value" val="{com.google.android.accessibility.utils.traversal.TraversalStrategy.SEARCH_FOCUS_FORWARD, com.google.android.accessibility.utils.traversal.TraversalStrategy.SEARCH_FOCUS_BACKWARD, com.google.android.accessibility.utils.traversal.TraversalStrategy.SEARCH_FOCUS_LEFT, com.google.android.accessibility.utils.traversal.TraversalStrategy.SEARCH_FOCUS_RIGHT, com.google.android.accessibility.utils.traversal.TraversalStrategy.SEARCH_FOCUS_UP, com.google.android.accessibility.utils.traversal.TraversalStrategy.SEARCH_FOCUS_DOWN}" />
    </annotation>
  </item>
  <item name="com.google.android.accessibility.utils.traversal.TraversalStrategyUtils int nodeSearchDirectionToViewSearchDirection(int) 0">
    <annotation name="androidx.annotation.IntDef">
      <val name="value" val="{com.google.android.accessibility.utils.traversal.TraversalStrategy.SEARCH_FOCUS_FORWARD, com.google.android.accessibility.utils.traversal.TraversalStrategy.SEARCH_FOCUS_BACKWARD, com.google.android.accessibility.utils.traversal.TraversalStrategy.SEARCH_FOCUS_LEFT, com.google.android.accessibility.utils.traversal.TraversalStrategy.SEARCH_FOCUS_RIGHT, com.google.android.accessibility.utils.traversal.TraversalStrategy.SEARCH_FOCUS_UP, com.google.android.accessibility.utils.traversal.TraversalStrategy.SEARCH_FOCUS_DOWN}" />
    </annotation>
  </item>
  <item name="com.google.android.accessibility.utils.traversal.TraversalStrategyUtils java.lang.String directionToString(int) 0">
    <annotation name="androidx.annotation.IntDef">
      <val name="value" val="{com.google.android.accessibility.utils.traversal.TraversalStrategy.SEARCH_FOCUS_FORWARD, com.google.android.accessibility.utils.traversal.TraversalStrategy.SEARCH_FOCUS_BACKWARD, com.google.android.accessibility.utils.traversal.TraversalStrategy.SEARCH_FOCUS_LEFT, com.google.android.accessibility.utils.traversal.TraversalStrategy.SEARCH_FOCUS_RIGHT, com.google.android.accessibility.utils.traversal.TraversalStrategy.SEARCH_FOCUS_UP, com.google.android.accessibility.utils.traversal.TraversalStrategy.SEARCH_FOCUS_DOWN}" />
    </annotation>
  </item>
</root>

