<?xml version="1.0" encoding="UTF-8"?>
<root>
  <item name="com.google.android.accessibility.talkback.selector.SelectorController.Granularity Granularity(com.google.android.accessibility.talkback.selector.SelectorController.Setting, com.google.android.accessibility.utils.input.CursorGranularity, int) 2">
    <annotation name="androidx.annotation.IntDef">
      <val name="value" val="{com.google.android.accessibility.talkback.selector.SelectorController.GRANULARITY_FOR_ALL_NODE, com.google.android.accessibility.talkback.selector.SelectorController.GRANULARITY_FOR_NATIVE_NODE, com.google.android.accessibility.talkback.selector.SelectorController.GRANULARITY_FOR_WEB_NODE}" />
    </annotation>
  </item>
  <item name="com.google.android.accessibility.talkback.selector.SelectorController.Granularity granularityType">
    <annotation name="androidx.annotation.IntDef">
      <val name="value" val="{com.google.android.accessibility.talkback.selector.SelectorController.GRANULARITY_FOR_ALL_NODE, com.google.android.accessibility.talkback.selector.SelectorController.GRANULARITY_FOR_NATIVE_NODE, com.google.android.accessibility.talkback.selector.SelectorController.GRANULARITY_FOR_WEB_NODE}" />
    </annotation>
  </item>
  <item name="com.google.android.accessibility.talkback.selector.SelectorController.GranularityType">
    <annotation name="androidx.annotation.IntDef">
      <val name="value" val="{com.google.android.accessibility.talkback.selector.SelectorController.GRANULARITY_FOR_ALL_NODE, com.google.android.accessibility.talkback.selector.SelectorController.GRANULARITY_FOR_NATIVE_NODE, com.google.android.accessibility.talkback.selector.SelectorController.GRANULARITY_FOR_WEB_NODE}" />
    </annotation>
  </item>
</root>

