<?xml version="1.0" encoding="UTF-8"?>
<root>
  <item name="com.google.android.accessibility.talkback.training.NavigationButtonBar android.widget.Button getButton(int) 0">
    <annotation name="androidx.annotation.IntDef">
      <val name="value" val="{com.google.android.accessibility.talkback.training.NavigationButtonBar.BUTTON_TYPE_BACK, com.google.android.accessibility.talkback.training.NavigationButtonBar.BUTTON_TYPE_NEXT, com.google.android.accessibility.talkback.training.NavigationButtonBar.BUTTON_TYPE_EXIT, com.google.android.accessibility.talkback.training.NavigationButtonBar.BUTTON_TYPE_FINISH}" />
    </annotation>
  </item>
  <item name="com.google.android.accessibility.talkback.training.NavigationButtonBar boolean hasButton(int) 0">
    <annotation name="androidx.annotation.IntDef">
      <val name="value" val="{com.google.android.accessibility.talkback.training.NavigationButtonBar.BUTTON_TYPE_BACK, com.google.android.accessibility.talkback.training.NavigationButtonBar.BUTTON_TYPE_NEXT, com.google.android.accessibility.talkback.training.NavigationButtonBar.BUTTON_TYPE_EXIT, com.google.android.accessibility.talkback.training.NavigationButtonBar.BUTTON_TYPE_FINISH}" />
    </annotation>
  </item>
  <item name="com.google.android.accessibility.talkback.training.NavigationButtonBar int getButtonId(int) 0">
    <annotation name="androidx.annotation.IntDef">
      <val name="value" val="{com.google.android.accessibility.talkback.training.NavigationButtonBar.BUTTON_TYPE_BACK, com.google.android.accessibility.talkback.training.NavigationButtonBar.BUTTON_TYPE_NEXT, com.google.android.accessibility.talkback.training.NavigationButtonBar.BUTTON_TYPE_EXIT, com.google.android.accessibility.talkback.training.NavigationButtonBar.BUTTON_TYPE_FINISH}" />
    </annotation>
  </item>
  <item name="com.google.android.accessibility.talkback.training.NavigationButtonBar void addButton(int, int) 0">
    <annotation name="androidx.annotation.IntDef">
      <val name="value" val="{com.google.android.accessibility.talkback.training.NavigationButtonBar.BUTTON_TYPE_BACK, com.google.android.accessibility.talkback.training.NavigationButtonBar.BUTTON_TYPE_NEXT, com.google.android.accessibility.talkback.training.NavigationButtonBar.BUTTON_TYPE_EXIT, com.google.android.accessibility.talkback.training.NavigationButtonBar.BUTTON_TYPE_FINISH}" />
    </annotation>
  </item>
  <item name="com.google.android.accessibility.talkback.training.NavigationButtonBar.ButtonType">
    <annotation name="androidx.annotation.IntDef">
      <val name="value" val="{com.google.android.accessibility.talkback.training.NavigationButtonBar.BUTTON_TYPE_BACK, com.google.android.accessibility.talkback.training.NavigationButtonBar.BUTTON_TYPE_NEXT, com.google.android.accessibility.talkback.training.NavigationButtonBar.BUTTON_TYPE_EXIT, com.google.android.accessibility.talkback.training.NavigationButtonBar.BUTTON_TYPE_FINISH}" />
    </annotation>
  </item>
</root>

