<?xml version="1.0" encoding="UTF-8"?>
<root>
  <item name="com.google.android.accessibility.talkback.controller.TelevisionNavigationController mode">
    <annotation name="androidx.annotation.IntDef">
      <val name="value" val="{com.google.android.accessibility.talkback.controller.TelevisionNavigationController.MODE_NAVIGATE, com.google.android.accessibility.talkback.controller.TelevisionNavigationController.MODE_SEEK_CONTROL}" />
    </annotation>
  </item>
  <item name="com.google.android.accessibility.talkback.controller.TelevisionNavigationController void setMode(int, com.google.android.accessibility.utils.Performance.EventId) 0">
    <annotation name="androidx.annotation.IntDef">
      <val name="value" val="{com.google.android.accessibility.talkback.controller.TelevisionNavigationController.MODE_NAVIGATE, com.google.android.accessibility.talkback.controller.TelevisionNavigationController.MODE_SEEK_CONTROL}" />
    </annotation>
  </item>
</root>

