<?xml version="1.0" encoding="UTF-8"?>
<root>
  <item name="com.google.android.accessibility.talkback.AutoValue_Feedback_FocusDirection int htmlTargetType()">
    <annotation name="androidx.annotation.IntDef">
      <val name="value" val="{com.google.android.accessibility.talkback.focusmanagement.NavigationTarget.TARGET_DEFAULT, com.google.android.accessibility.talkback.focusmanagement.NavigationTarget.TARGET_HEADING, com.google.android.accessibility.talkback.focusmanagement.NavigationTarget.TARGET_CONTROL, com.google.android.accessibility.talkback.focusmanagement.NavigationTarget.TARGET_LINK, com.google.android.accessibility.talkback.focusmanagement.NavigationTarget.TARGET_HTML_ELEMENT_LINK, com.google.android.accessibility.talkback.focusmanagement.NavigationTarget.TARGET_HTML_ELEMENT_LIST, com.google.android.accessibility.talkback.focusmanagement.NavigationTarget.TARGET_HTML_ELEMENT_CONTROL, com.google.android.accessibility.talkback.focusmanagement.NavigationTarget.TARGET_HTML_ELEMENT_HEADING, com.google.android.accessibility.talkback.focusmanagement.NavigationTarget.TARGET_HTML_ELEMENT_BUTTON, com.google.android.accessibility.talkback.focusmanagement.NavigationTarget.TARGET_HTML_ELEMENT_CHECKBOX, com.google.android.accessibility.talkback.focusmanagement.NavigationTarget.TARGET_HTML_ELEMENT_ARIA_LANDMARK, com.google.android.accessibility.talkback.focusmanagement.NavigationTarget.TARGET_HTML_ELEMENT_EDIT_FIELD, com.google.android.accessibility.talkback.focusmanagement.NavigationTarget.TARGET_HTML_ELEMENT_FOCUSABLE_ITEM, com.google.android.accessibility.talkback.focusmanagement.NavigationTarget.TARGET_HTML_ELEMENT_HEADING_1, com.google.android.accessibility.talkback.focusmanagement.NavigationTarget.TARGET_HTML_ELEMENT_HEADING_2, com.google.android.accessibility.talkback.focusmanagement.NavigationTarget.TARGET_HTML_ELEMENT_HEADING_3, com.google.android.accessibility.talkback.focusmanagement.NavigationTarget.TARGET_HTML_ELEMENT_HEADING_4, com.google.android.accessibility.talkback.focusmanagement.NavigationTarget.TARGET_HTML_ELEMENT_HEADING_5, com.google.android.accessibility.talkback.focusmanagement.NavigationTarget.TARGET_HTML_ELEMENT_HEADING_6, com.google.android.accessibility.talkback.focusmanagement.NavigationTarget.TARGET_HTML_ELEMENT_GRAPHIC, com.google.android.accessibility.talkback.focusmanagement.NavigationTarget.TARGET_HTML_ELEMENT_LIST_ITEM, com.google.android.accessibility.talkback.focusmanagement.NavigationTarget.TARGET_HTML_ELEMENT_TABLE, com.google.android.accessibility.talkback.focusmanagement.NavigationTarget.TARGET_HTML_ELEMENT_COMBOBOX, com.google.android.accessibility.talkback.focusmanagement.NavigationTarget.TARGET_WINDOW}" />
    </annotation>
  </item>
  <item name="com.google.android.accessibility.talkback.AutoValue_Feedback_Scroll int userAction()">
    <annotation name="androidx.annotation.IntDef">
      <val name="value" val="{com.google.android.accessibility.talkback.ScrollEventInterpreter.ACTION_UNKNOWN, com.google.android.accessibility.talkback.ScrollEventInterpreter.ACTION_AUTO_SCROLL, com.google.android.accessibility.talkback.ScrollEventInterpreter.ACTION_SCROLL_SHORTCUT, com.google.android.accessibility.talkback.ScrollEventInterpreter.ACTION_MANUAL_SCROLL}" />
    </annotation>
  </item>
  <item name="com.google.android.accessibility.talkback.Feedback com.google.android.accessibility.talkback.Feedback.Part.Builder scroll(androidx.core.view.accessibility.AccessibilityNodeInfoCompat, int, int, com.google.android.accessibility.talkback.actor.AutoScrollActor.AutoScrollRecord.Source, com.google.android.accessibility.talkback.ScrollEventInterpreter.ScrollTimeout) 1">
    <annotation name="androidx.annotation.IntDef">
      <val name="value" val="{com.google.android.accessibility.talkback.ScrollEventInterpreter.ACTION_UNKNOWN, com.google.android.accessibility.talkback.ScrollEventInterpreter.ACTION_AUTO_SCROLL, com.google.android.accessibility.talkback.ScrollEventInterpreter.ACTION_SCROLL_SHORTCUT, com.google.android.accessibility.talkback.ScrollEventInterpreter.ACTION_MANUAL_SCROLL}" />
    </annotation>
  </item>
  <item name="com.google.android.accessibility.talkback.Feedback com.google.android.accessibility.talkback.Feedback.Part.Builder scroll(com.google.android.accessibility.utils.AccessibilityNode, int, int, com.google.android.accessibility.talkback.actor.AutoScrollActor.AutoScrollRecord.Source) 1">
    <annotation name="androidx.annotation.IntDef">
      <val name="value" val="{com.google.android.accessibility.talkback.ScrollEventInterpreter.ACTION_UNKNOWN, com.google.android.accessibility.talkback.ScrollEventInterpreter.ACTION_AUTO_SCROLL, com.google.android.accessibility.talkback.ScrollEventInterpreter.ACTION_SCROLL_SHORTCUT, com.google.android.accessibility.talkback.ScrollEventInterpreter.ACTION_MANUAL_SCROLL}" />
    </annotation>
  </item>
  <item name="com.google.android.accessibility.talkback.Feedback.FocusDirection int htmlTargetType()">
    <annotation name="androidx.annotation.IntDef">
      <val name="value" val="{com.google.android.accessibility.talkback.focusmanagement.NavigationTarget.TARGET_DEFAULT, com.google.android.accessibility.talkback.focusmanagement.NavigationTarget.TARGET_HEADING, com.google.android.accessibility.talkback.focusmanagement.NavigationTarget.TARGET_CONTROL, com.google.android.accessibility.talkback.focusmanagement.NavigationTarget.TARGET_LINK, com.google.android.accessibility.talkback.focusmanagement.NavigationTarget.TARGET_HTML_ELEMENT_LINK, com.google.android.accessibility.talkback.focusmanagement.NavigationTarget.TARGET_HTML_ELEMENT_LIST, com.google.android.accessibility.talkback.focusmanagement.NavigationTarget.TARGET_HTML_ELEMENT_CONTROL, com.google.android.accessibility.talkback.focusmanagement.NavigationTarget.TARGET_HTML_ELEMENT_HEADING, com.google.android.accessibility.talkback.focusmanagement.NavigationTarget.TARGET_HTML_ELEMENT_BUTTON, com.google.android.accessibility.talkback.focusmanagement.NavigationTarget.TARGET_HTML_ELEMENT_CHECKBOX, com.google.android.accessibility.talkback.focusmanagement.NavigationTarget.TARGET_HTML_ELEMENT_ARIA_LANDMARK, com.google.android.accessibility.talkback.focusmanagement.NavigationTarget.TARGET_HTML_ELEMENT_EDIT_FIELD, com.google.android.accessibility.talkback.focusmanagement.NavigationTarget.TARGET_HTML_ELEMENT_FOCUSABLE_ITEM, com.google.android.accessibility.talkback.focusmanagement.NavigationTarget.TARGET_HTML_ELEMENT_HEADING_1, com.google.android.accessibility.talkback.focusmanagement.NavigationTarget.TARGET_HTML_ELEMENT_HEADING_2, com.google.android.accessibility.talkback.focusmanagement.NavigationTarget.TARGET_HTML_ELEMENT_HEADING_3, com.google.android.accessibility.talkback.focusmanagement.NavigationTarget.TARGET_HTML_ELEMENT_HEADING_4, com.google.android.accessibility.talkback.focusmanagement.NavigationTarget.TARGET_HTML_ELEMENT_HEADING_5, com.google.android.accessibility.talkback.focusmanagement.NavigationTarget.TARGET_HTML_ELEMENT_HEADING_6, com.google.android.accessibility.talkback.focusmanagement.NavigationTarget.TARGET_HTML_ELEMENT_GRAPHIC, com.google.android.accessibility.talkback.focusmanagement.NavigationTarget.TARGET_HTML_ELEMENT_LIST_ITEM, com.google.android.accessibility.talkback.focusmanagement.NavigationTarget.TARGET_HTML_ELEMENT_TABLE, com.google.android.accessibility.talkback.focusmanagement.NavigationTarget.TARGET_HTML_ELEMENT_COMBOBOX, com.google.android.accessibility.talkback.focusmanagement.NavigationTarget.TARGET_WINDOW}" />
    </annotation>
  </item>
  <item name="com.google.android.accessibility.talkback.Feedback.FocusDirection.Builder com.google.android.accessibility.talkback.Feedback.FocusDirection.Builder setHtmlTargetType(int) 0">
    <annotation name="androidx.annotation.IntDef">
      <val name="value" val="{com.google.android.accessibility.talkback.focusmanagement.NavigationTarget.TARGET_DEFAULT, com.google.android.accessibility.talkback.focusmanagement.NavigationTarget.TARGET_HEADING, com.google.android.accessibility.talkback.focusmanagement.NavigationTarget.TARGET_CONTROL, com.google.android.accessibility.talkback.focusmanagement.NavigationTarget.TARGET_LINK, com.google.android.accessibility.talkback.focusmanagement.NavigationTarget.TARGET_HTML_ELEMENT_LINK, com.google.android.accessibility.talkback.focusmanagement.NavigationTarget.TARGET_HTML_ELEMENT_LIST, com.google.android.accessibility.talkback.focusmanagement.NavigationTarget.TARGET_HTML_ELEMENT_CONTROL, com.google.android.accessibility.talkback.focusmanagement.NavigationTarget.TARGET_HTML_ELEMENT_HEADING, com.google.android.accessibility.talkback.focusmanagement.NavigationTarget.TARGET_HTML_ELEMENT_BUTTON, com.google.android.accessibility.talkback.focusmanagement.NavigationTarget.TARGET_HTML_ELEMENT_CHECKBOX, com.google.android.accessibility.talkback.focusmanagement.NavigationTarget.TARGET_HTML_ELEMENT_ARIA_LANDMARK, com.google.android.accessibility.talkback.focusmanagement.NavigationTarget.TARGET_HTML_ELEMENT_EDIT_FIELD, com.google.android.accessibility.talkback.focusmanagement.NavigationTarget.TARGET_HTML_ELEMENT_FOCUSABLE_ITEM, com.google.android.accessibility.talkback.focusmanagement.NavigationTarget.TARGET_HTML_ELEMENT_HEADING_1, com.google.android.accessibility.talkback.focusmanagement.NavigationTarget.TARGET_HTML_ELEMENT_HEADING_2, com.google.android.accessibility.talkback.focusmanagement.NavigationTarget.TARGET_HTML_ELEMENT_HEADING_3, com.google.android.accessibility.talkback.focusmanagement.NavigationTarget.TARGET_HTML_ELEMENT_HEADING_4, com.google.android.accessibility.talkback.focusmanagement.NavigationTarget.TARGET_HTML_ELEMENT_HEADING_5, com.google.android.accessibility.talkback.focusmanagement.NavigationTarget.TARGET_HTML_ELEMENT_HEADING_6, com.google.android.accessibility.talkback.focusmanagement.NavigationTarget.TARGET_HTML_ELEMENT_GRAPHIC, com.google.android.accessibility.talkback.focusmanagement.NavigationTarget.TARGET_HTML_ELEMENT_LIST_ITEM, com.google.android.accessibility.talkback.focusmanagement.NavigationTarget.TARGET_HTML_ELEMENT_TABLE, com.google.android.accessibility.talkback.focusmanagement.NavigationTarget.TARGET_HTML_ELEMENT_COMBOBOX, com.google.android.accessibility.talkback.focusmanagement.NavigationTarget.TARGET_WINDOW}" />
    </annotation>
  </item>
  <item name="com.google.android.accessibility.talkback.Feedback.Scroll int userAction()">
    <annotation name="androidx.annotation.IntDef">
      <val name="value" val="{com.google.android.accessibility.talkback.ScrollEventInterpreter.ACTION_UNKNOWN, com.google.android.accessibility.talkback.ScrollEventInterpreter.ACTION_AUTO_SCROLL, com.google.android.accessibility.talkback.ScrollEventInterpreter.ACTION_SCROLL_SHORTCUT, com.google.android.accessibility.talkback.ScrollEventInterpreter.ACTION_MANUAL_SCROLL}" />
    </annotation>
  </item>
  <item name="com.google.android.accessibility.talkback.Feedback.Scroll.Builder com.google.android.accessibility.talkback.Feedback.Scroll.Builder setUserAction(int) 0">
    <annotation name="androidx.annotation.IntDef">
      <val name="value" val="{com.google.android.accessibility.talkback.ScrollEventInterpreter.ACTION_UNKNOWN, com.google.android.accessibility.talkback.ScrollEventInterpreter.ACTION_AUTO_SCROLL, com.google.android.accessibility.talkback.ScrollEventInterpreter.ACTION_SCROLL_SHORTCUT, com.google.android.accessibility.talkback.ScrollEventInterpreter.ACTION_MANUAL_SCROLL}" />
    </annotation>
  </item>
  <item name="com.google.android.accessibility.talkback.ScrollEventInterpreter java.lang.String userActionToString(int) 0">
    <annotation name="androidx.annotation.IntDef">
      <val name="value" val="{com.google.android.accessibility.talkback.ScrollEventInterpreter.ACTION_UNKNOWN, com.google.android.accessibility.talkback.ScrollEventInterpreter.ACTION_AUTO_SCROLL, com.google.android.accessibility.talkback.ScrollEventInterpreter.ACTION_SCROLL_SHORTCUT, com.google.android.accessibility.talkback.ScrollEventInterpreter.ACTION_MANUAL_SCROLL}" />
    </annotation>
  </item>
  <item name="com.google.android.accessibility.talkback.ScrollEventInterpreter.ScrollEventInterpretation ScrollEventInterpretation(int, int, boolean, boolean, int) 0">
    <annotation name="androidx.annotation.IntDef">
      <val name="value" val="{com.google.android.accessibility.talkback.ScrollEventInterpreter.ACTION_UNKNOWN, com.google.android.accessibility.talkback.ScrollEventInterpreter.ACTION_AUTO_SCROLL, com.google.android.accessibility.talkback.ScrollEventInterpreter.ACTION_SCROLL_SHORTCUT, com.google.android.accessibility.talkback.ScrollEventInterpreter.ACTION_MANUAL_SCROLL}" />
    </annotation>
  </item>
  <item name="com.google.android.accessibility.talkback.ScrollEventInterpreter.ScrollEventInterpretation userAction">
    <annotation name="androidx.annotation.IntDef">
      <val name="value" val="{com.google.android.accessibility.talkback.ScrollEventInterpreter.ACTION_UNKNOWN, com.google.android.accessibility.talkback.ScrollEventInterpreter.ACTION_AUTO_SCROLL, com.google.android.accessibility.talkback.ScrollEventInterpreter.ACTION_SCROLL_SHORTCUT, com.google.android.accessibility.talkback.ScrollEventInterpreter.ACTION_MANUAL_SCROLL}" />
    </annotation>
  </item>
  <item name="com.google.android.accessibility.talkback.ScrollEventInterpreter.UserAction">
    <annotation name="androidx.annotation.IntDef">
      <val name="value" val="{com.google.android.accessibility.talkback.ScrollEventInterpreter.ACTION_UNKNOWN, com.google.android.accessibility.talkback.ScrollEventInterpreter.ACTION_AUTO_SCROLL, com.google.android.accessibility.talkback.ScrollEventInterpreter.ACTION_SCROLL_SHORTCUT, com.google.android.accessibility.talkback.ScrollEventInterpreter.ACTION_MANUAL_SCROLL}" />
    </annotation>
  </item>
</root>

