<?xml version="1.0" encoding="UTF-8"?>
<root>
  <item name="com.google.android.accessibility.utils.parsetree.ParseTree boolean isValidLvalueType(int) 0">
    <annotation name="androidx.annotation.IntDef">
      <val name="value" val="{com.google.android.accessibility.utils.parsetree.ParseTree.VARIABLE_BOOL, com.google.android.accessibility.utils.parsetree.ParseTree.VARIABLE_INTEGER, com.google.android.accessibility.utils.parsetree.ParseTree.VARIABLE_NUMBER, com.google.android.accessibility.utils.parsetree.ParseTree.VARIABLE_STRING, com.google.android.accessibility.utils.parsetree.ParseTree.VARIABLE_ENUM, com.google.android.accessibility.utils.parsetree.ParseTree.VARIABLE_REFERENCE, com.google.android.accessibility.utils.parsetree.ParseTree.VARIABLE_ARRAY, com.google.android.accessibility.utils.parsetree.ParseTree.VARIABLE_CHILD_ARRAY}" />
    </annotation>
  </item>
  <item name="com.google.android.accessibility.utils.parsetree.ParseTree boolean isValidRvalueType(int) 0">
    <annotation name="androidx.annotation.IntDef">
      <val name="value" val="{com.google.android.accessibility.utils.parsetree.ParseTree.VARIABLE_BOOL, com.google.android.accessibility.utils.parsetree.ParseTree.VARIABLE_INTEGER, com.google.android.accessibility.utils.parsetree.ParseTree.VARIABLE_NUMBER, com.google.android.accessibility.utils.parsetree.ParseTree.VARIABLE_STRING, com.google.android.accessibility.utils.parsetree.ParseTree.VARIABLE_ENUM, com.google.android.accessibility.utils.parsetree.ParseTree.VARIABLE_REFERENCE, com.google.android.accessibility.utils.parsetree.ParseTree.VARIABLE_ARRAY, com.google.android.accessibility.utils.parsetree.ParseTree.VARIABLE_CHILD_ARRAY}" />
    </annotation>
  </item>
  <item name="com.google.android.accessibility.utils.parsetree.ParseTree int findStatementEnd(java.lang.String, int, int) 2">
    <annotation name="androidx.annotation.IntDef">
      <val name="value" val="{com.google.android.accessibility.utils.parsetree.ParseTree.OPERATOR_CLASS_NONE, com.google.android.accessibility.utils.parsetree.ParseTree.OPERATOR_CLASS_PLUS, com.google.android.accessibility.utils.parsetree.ParseTree.OPERATOR_CLASS_MULTIPLY, com.google.android.accessibility.utils.parsetree.ParseTree.OPERATOR_CLASS_EQUALS, com.google.android.accessibility.utils.parsetree.ParseTree.OPERATOR_CLASS_AND, com.google.android.accessibility.utils.parsetree.ParseTree.OPERATOR_CLASS_TOKEN}" />
    </annotation>
  </item>
  <item name="com.google.android.accessibility.utils.parsetree.ParseTree int getOperator(java.lang.String)">
    <annotation name="androidx.annotation.IntDef">
      <val name="value" val="{com.google.android.accessibility.utils.parsetree.ParseTree.OPERATOR_PLUS, com.google.android.accessibility.utils.parsetree.ParseTree.OPERATOR_MINUS, com.google.android.accessibility.utils.parsetree.ParseTree.OPERATOR_MULTIPLY, com.google.android.accessibility.utils.parsetree.ParseTree.OPERATOR_DIVIDE, com.google.android.accessibility.utils.parsetree.ParseTree.OPERATOR_EQUALS, com.google.android.accessibility.utils.parsetree.ParseTree.OPERATOR_NEQUALS, com.google.android.accessibility.utils.parsetree.ParseTree.OPERATOR_LT, com.google.android.accessibility.utils.parsetree.ParseTree.OPERATOR_GT, com.google.android.accessibility.utils.parsetree.ParseTree.OPERATOR_LE, com.google.android.accessibility.utils.parsetree.ParseTree.OPERATOR_GE, com.google.android.accessibility.utils.parsetree.ParseTree.OPERATOR_AND, com.google.android.accessibility.utils.parsetree.ParseTree.OPERATOR_OR, com.google.android.accessibility.utils.parsetree.ParseTree.OPERATOR_POW}" />
    </annotation>
  </item>
  <item name="com.google.android.accessibility.utils.parsetree.ParseTree int getOperatorClass(int)">
    <annotation name="androidx.annotation.IntDef">
      <val name="value" val="{com.google.android.accessibility.utils.parsetree.ParseTree.OPERATOR_CLASS_NONE, com.google.android.accessibility.utils.parsetree.ParseTree.OPERATOR_CLASS_PLUS, com.google.android.accessibility.utils.parsetree.ParseTree.OPERATOR_CLASS_MULTIPLY, com.google.android.accessibility.utils.parsetree.ParseTree.OPERATOR_CLASS_EQUALS, com.google.android.accessibility.utils.parsetree.ParseTree.OPERATOR_CLASS_AND, com.google.android.accessibility.utils.parsetree.ParseTree.OPERATOR_CLASS_TOKEN}" />
    </annotation>
  </item>
  <item name="com.google.android.accessibility.utils.parsetree.ParseTree int getOperatorClass(int) 0">
    <annotation name="androidx.annotation.IntDef">
      <val name="value" val="{com.google.android.accessibility.utils.parsetree.ParseTree.OPERATOR_PLUS, com.google.android.accessibility.utils.parsetree.ParseTree.OPERATOR_MINUS, com.google.android.accessibility.utils.parsetree.ParseTree.OPERATOR_MULTIPLY, com.google.android.accessibility.utils.parsetree.ParseTree.OPERATOR_DIVIDE, com.google.android.accessibility.utils.parsetree.ParseTree.OPERATOR_EQUALS, com.google.android.accessibility.utils.parsetree.ParseTree.OPERATOR_NEQUALS, com.google.android.accessibility.utils.parsetree.ParseTree.OPERATOR_LT, com.google.android.accessibility.utils.parsetree.ParseTree.OPERATOR_GT, com.google.android.accessibility.utils.parsetree.ParseTree.OPERATOR_LE, com.google.android.accessibility.utils.parsetree.ParseTree.OPERATOR_GE, com.google.android.accessibility.utils.parsetree.ParseTree.OPERATOR_AND, com.google.android.accessibility.utils.parsetree.ParseTree.OPERATOR_OR, com.google.android.accessibility.utils.parsetree.ParseTree.OPERATOR_POW}" />
    </annotation>
  </item>
  <item name="com.google.android.accessibility.utils.parsetree.ParseTree int getOperatorClass(java.lang.String)">
    <annotation name="androidx.annotation.IntDef">
      <val name="value" val="{com.google.android.accessibility.utils.parsetree.ParseTree.OPERATOR_CLASS_NONE, com.google.android.accessibility.utils.parsetree.ParseTree.OPERATOR_CLASS_PLUS, com.google.android.accessibility.utils.parsetree.ParseTree.OPERATOR_CLASS_MULTIPLY, com.google.android.accessibility.utils.parsetree.ParseTree.OPERATOR_CLASS_EQUALS, com.google.android.accessibility.utils.parsetree.ParseTree.OPERATOR_CLASS_AND, com.google.android.accessibility.utils.parsetree.ParseTree.OPERATOR_CLASS_TOKEN}" />
    </annotation>
  </item>
  <item name="com.google.android.accessibility.utils.parsetree.ParseTree java.lang.String variableTypeToString(int) 0">
    <annotation name="androidx.annotation.IntDef">
      <val name="value" val="{com.google.android.accessibility.utils.parsetree.ParseTree.VARIABLE_BOOL, com.google.android.accessibility.utils.parsetree.ParseTree.VARIABLE_INTEGER, com.google.android.accessibility.utils.parsetree.ParseTree.VARIABLE_NUMBER, com.google.android.accessibility.utils.parsetree.ParseTree.VARIABLE_STRING, com.google.android.accessibility.utils.parsetree.ParseTree.VARIABLE_ENUM, com.google.android.accessibility.utils.parsetree.ParseTree.VARIABLE_REFERENCE, com.google.android.accessibility.utils.parsetree.ParseTree.VARIABLE_ARRAY, com.google.android.accessibility.utils.parsetree.ParseTree.VARIABLE_CHILD_ARRAY}" />
    </annotation>
  </item>
  <item name="com.google.android.accessibility.utils.parsetree.ParseTree.VariableInfo VariableInfo(java.lang.String, int) 1">
    <annotation name="androidx.annotation.IntDef">
      <val name="value" val="{com.google.android.accessibility.utils.parsetree.ParseTree.VARIABLE_BOOL, com.google.android.accessibility.utils.parsetree.ParseTree.VARIABLE_INTEGER, com.google.android.accessibility.utils.parsetree.ParseTree.VARIABLE_NUMBER, com.google.android.accessibility.utils.parsetree.ParseTree.VARIABLE_STRING, com.google.android.accessibility.utils.parsetree.ParseTree.VARIABLE_ENUM, com.google.android.accessibility.utils.parsetree.ParseTree.VARIABLE_REFERENCE, com.google.android.accessibility.utils.parsetree.ParseTree.VARIABLE_ARRAY, com.google.android.accessibility.utils.parsetree.ParseTree.VARIABLE_CHILD_ARRAY}" />
    </annotation>
  </item>
  <item name="com.google.android.accessibility.utils.parsetree.ParseTree.VariableInfo VariableInfo(java.lang.String, int, int) 1">
    <annotation name="androidx.annotation.IntDef">
      <val name="value" val="{com.google.android.accessibility.utils.parsetree.ParseTree.VARIABLE_BOOL, com.google.android.accessibility.utils.parsetree.ParseTree.VARIABLE_INTEGER, com.google.android.accessibility.utils.parsetree.ParseTree.VARIABLE_NUMBER, com.google.android.accessibility.utils.parsetree.ParseTree.VARIABLE_STRING, com.google.android.accessibility.utils.parsetree.ParseTree.VARIABLE_ENUM, com.google.android.accessibility.utils.parsetree.ParseTree.VARIABLE_REFERENCE, com.google.android.accessibility.utils.parsetree.ParseTree.VARIABLE_ARRAY, com.google.android.accessibility.utils.parsetree.ParseTree.VARIABLE_CHILD_ARRAY}" />
    </annotation>
  </item>
  <item name="com.google.android.accessibility.utils.parsetree.ParseTree.VariableInfo VariableInfo(java.lang.String, int, int, int) 1">
    <annotation name="androidx.annotation.IntDef">
      <val name="value" val="{com.google.android.accessibility.utils.parsetree.ParseTree.VARIABLE_BOOL, com.google.android.accessibility.utils.parsetree.ParseTree.VARIABLE_INTEGER, com.google.android.accessibility.utils.parsetree.ParseTree.VARIABLE_NUMBER, com.google.android.accessibility.utils.parsetree.ParseTree.VARIABLE_STRING, com.google.android.accessibility.utils.parsetree.ParseTree.VARIABLE_ENUM, com.google.android.accessibility.utils.parsetree.ParseTree.VARIABLE_REFERENCE, com.google.android.accessibility.utils.parsetree.ParseTree.VARIABLE_ARRAY, com.google.android.accessibility.utils.parsetree.ParseTree.VARIABLE_CHILD_ARRAY}" />
    </annotation>
  </item>
  <item name="com.google.android.accessibility.utils.parsetree.ParseTree.VariableInfo variableType">
    <annotation name="androidx.annotation.IntDef">
      <val name="value" val="{com.google.android.accessibility.utils.parsetree.ParseTree.VARIABLE_BOOL, com.google.android.accessibility.utils.parsetree.ParseTree.VARIABLE_INTEGER, com.google.android.accessibility.utils.parsetree.ParseTree.VARIABLE_NUMBER, com.google.android.accessibility.utils.parsetree.ParseTree.VARIABLE_STRING, com.google.android.accessibility.utils.parsetree.ParseTree.VARIABLE_ENUM, com.google.android.accessibility.utils.parsetree.ParseTree.VARIABLE_REFERENCE, com.google.android.accessibility.utils.parsetree.ParseTree.VARIABLE_ARRAY, com.google.android.accessibility.utils.parsetree.ParseTree.VARIABLE_CHILD_ARRAY}" />
    </annotation>
  </item>
  <item name="com.google.android.accessibility.utils.parsetree.ParseTree.VariableType">
    <annotation name="androidx.annotation.IntDef">
      <val name="value" val="{com.google.android.accessibility.utils.parsetree.ParseTree.VARIABLE_BOOL, com.google.android.accessibility.utils.parsetree.ParseTree.VARIABLE_INTEGER, com.google.android.accessibility.utils.parsetree.ParseTree.VARIABLE_NUMBER, com.google.android.accessibility.utils.parsetree.ParseTree.VARIABLE_STRING, com.google.android.accessibility.utils.parsetree.ParseTree.VARIABLE_ENUM, com.google.android.accessibility.utils.parsetree.ParseTree.VARIABLE_REFERENCE, com.google.android.accessibility.utils.parsetree.ParseTree.VARIABLE_ARRAY, com.google.android.accessibility.utils.parsetree.ParseTree.VARIABLE_CHILD_ARRAY}" />
    </annotation>
  </item>
  <item name="com.google.android.accessibility.utils.parsetree.ParseTreeCommentNode boolean canCoerceTo(int) 0">
    <annotation name="androidx.annotation.IntDef">
      <val name="value" val="{com.google.android.accessibility.utils.parsetree.ParseTree.VARIABLE_BOOL, com.google.android.accessibility.utils.parsetree.ParseTree.VARIABLE_INTEGER, com.google.android.accessibility.utils.parsetree.ParseTree.VARIABLE_NUMBER, com.google.android.accessibility.utils.parsetree.ParseTree.VARIABLE_STRING, com.google.android.accessibility.utils.parsetree.ParseTree.VARIABLE_ENUM, com.google.android.accessibility.utils.parsetree.ParseTree.VARIABLE_REFERENCE, com.google.android.accessibility.utils.parsetree.ParseTree.VARIABLE_ARRAY, com.google.android.accessibility.utils.parsetree.ParseTree.VARIABLE_CHILD_ARRAY}" />
    </annotation>
  </item>
  <item name="com.google.android.accessibility.utils.parsetree.ParseTreeFallbackNode boolean canCoerceTo(int) 0">
    <annotation name="androidx.annotation.IntDef">
      <val name="value" val="{com.google.android.accessibility.utils.parsetree.ParseTree.VARIABLE_BOOL, com.google.android.accessibility.utils.parsetree.ParseTree.VARIABLE_INTEGER, com.google.android.accessibility.utils.parsetree.ParseTree.VARIABLE_NUMBER, com.google.android.accessibility.utils.parsetree.ParseTree.VARIABLE_STRING, com.google.android.accessibility.utils.parsetree.ParseTree.VARIABLE_ENUM, com.google.android.accessibility.utils.parsetree.ParseTree.VARIABLE_REFERENCE, com.google.android.accessibility.utils.parsetree.ParseTree.VARIABLE_ARRAY, com.google.android.accessibility.utils.parsetree.ParseTree.VARIABLE_CHILD_ARRAY}" />
    </annotation>
  </item>
  <item name="com.google.android.accessibility.utils.parsetree.ParseTreeForReferenceNode boolean canCoerceTo(int) 0">
    <annotation name="androidx.annotation.IntDef">
      <val name="value" val="{com.google.android.accessibility.utils.parsetree.ParseTree.VARIABLE_BOOL, com.google.android.accessibility.utils.parsetree.ParseTree.VARIABLE_INTEGER, com.google.android.accessibility.utils.parsetree.ParseTree.VARIABLE_NUMBER, com.google.android.accessibility.utils.parsetree.ParseTree.VARIABLE_STRING, com.google.android.accessibility.utils.parsetree.ParseTree.VARIABLE_ENUM, com.google.android.accessibility.utils.parsetree.ParseTree.VARIABLE_REFERENCE, com.google.android.accessibility.utils.parsetree.ParseTree.VARIABLE_ARRAY, com.google.android.accessibility.utils.parsetree.ParseTree.VARIABLE_CHILD_ARRAY}" />
    </annotation>
  </item>
  <item name="com.google.android.accessibility.utils.parsetree.ParseTreeFunctionNode boolean canCoerceTo(int) 0">
    <annotation name="androidx.annotation.IntDef">
      <val name="value" val="{com.google.android.accessibility.utils.parsetree.ParseTree.VARIABLE_BOOL, com.google.android.accessibility.utils.parsetree.ParseTree.VARIABLE_INTEGER, com.google.android.accessibility.utils.parsetree.ParseTree.VARIABLE_NUMBER, com.google.android.accessibility.utils.parsetree.ParseTree.VARIABLE_STRING, com.google.android.accessibility.utils.parsetree.ParseTree.VARIABLE_ENUM, com.google.android.accessibility.utils.parsetree.ParseTree.VARIABLE_REFERENCE, com.google.android.accessibility.utils.parsetree.ParseTree.VARIABLE_ARRAY, com.google.android.accessibility.utils.parsetree.ParseTree.VARIABLE_CHILD_ARRAY}" />
    </annotation>
  </item>
  <item name="com.google.android.accessibility.utils.parsetree.ParseTreeFunctionNode int getVariableType(java.lang.Class&lt;?&gt;)">
    <annotation name="androidx.annotation.IntDef">
      <val name="value" val="{com.google.android.accessibility.utils.parsetree.ParseTree.VARIABLE_BOOL, com.google.android.accessibility.utils.parsetree.ParseTree.VARIABLE_INTEGER, com.google.android.accessibility.utils.parsetree.ParseTree.VARIABLE_NUMBER, com.google.android.accessibility.utils.parsetree.ParseTree.VARIABLE_STRING, com.google.android.accessibility.utils.parsetree.ParseTree.VARIABLE_ENUM, com.google.android.accessibility.utils.parsetree.ParseTree.VARIABLE_REFERENCE, com.google.android.accessibility.utils.parsetree.ParseTree.VARIABLE_ARRAY, com.google.android.accessibility.utils.parsetree.ParseTree.VARIABLE_CHILD_ARRAY}" />
    </annotation>
  </item>
  <item name="com.google.android.accessibility.utils.parsetree.ParseTreeFunctionNode mType">
    <annotation name="androidx.annotation.IntDef">
      <val name="value" val="{com.google.android.accessibility.utils.parsetree.ParseTree.VARIABLE_BOOL, com.google.android.accessibility.utils.parsetree.ParseTree.VARIABLE_INTEGER, com.google.android.accessibility.utils.parsetree.ParseTree.VARIABLE_NUMBER, com.google.android.accessibility.utils.parsetree.ParseTree.VARIABLE_STRING, com.google.android.accessibility.utils.parsetree.ParseTree.VARIABLE_ENUM, com.google.android.accessibility.utils.parsetree.ParseTree.VARIABLE_REFERENCE, com.google.android.accessibility.utils.parsetree.ParseTree.VARIABLE_ARRAY, com.google.android.accessibility.utils.parsetree.ParseTree.VARIABLE_CHILD_ARRAY}" />
    </annotation>
  </item>
  <item name="com.google.android.accessibility.utils.parsetree.ParseTreeIfNode boolean canCoerceTo(int) 0">
    <annotation name="androidx.annotation.IntDef">
      <val name="value" val="{com.google.android.accessibility.utils.parsetree.ParseTree.VARIABLE_BOOL, com.google.android.accessibility.utils.parsetree.ParseTree.VARIABLE_INTEGER, com.google.android.accessibility.utils.parsetree.ParseTree.VARIABLE_NUMBER, com.google.android.accessibility.utils.parsetree.ParseTree.VARIABLE_STRING, com.google.android.accessibility.utils.parsetree.ParseTree.VARIABLE_ENUM, com.google.android.accessibility.utils.parsetree.ParseTree.VARIABLE_REFERENCE, com.google.android.accessibility.utils.parsetree.ParseTree.VARIABLE_ARRAY, com.google.android.accessibility.utils.parsetree.ParseTree.VARIABLE_CHILD_ARRAY}" />
    </annotation>
  </item>
  <item name="com.google.android.accessibility.utils.parsetree.ParseTreeIntegerConstantNode boolean canCoerceTo(int) 0">
    <annotation name="androidx.annotation.IntDef">
      <val name="value" val="{com.google.android.accessibility.utils.parsetree.ParseTree.VARIABLE_BOOL, com.google.android.accessibility.utils.parsetree.ParseTree.VARIABLE_INTEGER, com.google.android.accessibility.utils.parsetree.ParseTree.VARIABLE_NUMBER, com.google.android.accessibility.utils.parsetree.ParseTree.VARIABLE_STRING, com.google.android.accessibility.utils.parsetree.ParseTree.VARIABLE_ENUM, com.google.android.accessibility.utils.parsetree.ParseTree.VARIABLE_REFERENCE, com.google.android.accessibility.utils.parsetree.ParseTree.VARIABLE_ARRAY, com.google.android.accessibility.utils.parsetree.ParseTree.VARIABLE_CHILD_ARRAY}" />
    </annotation>
  </item>
  <item name="com.google.android.accessibility.utils.parsetree.ParseTreeLengthNode boolean canCoerceTo(int) 0">
    <annotation name="androidx.annotation.IntDef">
      <val name="value" val="{com.google.android.accessibility.utils.parsetree.ParseTree.VARIABLE_BOOL, com.google.android.accessibility.utils.parsetree.ParseTree.VARIABLE_INTEGER, com.google.android.accessibility.utils.parsetree.ParseTree.VARIABLE_NUMBER, com.google.android.accessibility.utils.parsetree.ParseTree.VARIABLE_STRING, com.google.android.accessibility.utils.parsetree.ParseTree.VARIABLE_ENUM, com.google.android.accessibility.utils.parsetree.ParseTree.VARIABLE_REFERENCE, com.google.android.accessibility.utils.parsetree.ParseTree.VARIABLE_ARRAY, com.google.android.accessibility.utils.parsetree.ParseTree.VARIABLE_CHILD_ARRAY}" />
    </annotation>
  </item>
  <item name="com.google.android.accessibility.utils.parsetree.ParseTreeNode boolean canCoerceTo(int) 0">
    <annotation name="androidx.annotation.IntDef">
      <val name="value" val="{com.google.android.accessibility.utils.parsetree.ParseTree.VARIABLE_BOOL, com.google.android.accessibility.utils.parsetree.ParseTree.VARIABLE_INTEGER, com.google.android.accessibility.utils.parsetree.ParseTree.VARIABLE_NUMBER, com.google.android.accessibility.utils.parsetree.ParseTree.VARIABLE_STRING, com.google.android.accessibility.utils.parsetree.ParseTree.VARIABLE_ENUM, com.google.android.accessibility.utils.parsetree.ParseTree.VARIABLE_REFERENCE, com.google.android.accessibility.utils.parsetree.ParseTree.VARIABLE_ARRAY, com.google.android.accessibility.utils.parsetree.ParseTree.VARIABLE_CHILD_ARRAY}" />
    </annotation>
  </item>
  <item name="com.google.android.accessibility.utils.parsetree.ParseTreeNode int getType()">
    <annotation name="androidx.annotation.IntDef">
      <val name="value" val="{com.google.android.accessibility.utils.parsetree.ParseTree.VARIABLE_BOOL, com.google.android.accessibility.utils.parsetree.ParseTree.VARIABLE_INTEGER, com.google.android.accessibility.utils.parsetree.ParseTree.VARIABLE_NUMBER, com.google.android.accessibility.utils.parsetree.ParseTree.VARIABLE_STRING, com.google.android.accessibility.utils.parsetree.ParseTree.VARIABLE_ENUM, com.google.android.accessibility.utils.parsetree.ParseTree.VARIABLE_REFERENCE, com.google.android.accessibility.utils.parsetree.ParseTree.VARIABLE_ARRAY, com.google.android.accessibility.utils.parsetree.ParseTree.VARIABLE_CHILD_ARRAY}" />
    </annotation>
  </item>
  <item name="com.google.android.accessibility.utils.parsetree.ParseTreeNumberConstantNode boolean canCoerceTo(int) 0">
    <annotation name="androidx.annotation.IntDef">
      <val name="value" val="{com.google.android.accessibility.utils.parsetree.ParseTree.VARIABLE_BOOL, com.google.android.accessibility.utils.parsetree.ParseTree.VARIABLE_INTEGER, com.google.android.accessibility.utils.parsetree.ParseTree.VARIABLE_NUMBER, com.google.android.accessibility.utils.parsetree.ParseTree.VARIABLE_STRING, com.google.android.accessibility.utils.parsetree.ParseTree.VARIABLE_ENUM, com.google.android.accessibility.utils.parsetree.ParseTree.VARIABLE_REFERENCE, com.google.android.accessibility.utils.parsetree.ParseTree.VARIABLE_ARRAY, com.google.android.accessibility.utils.parsetree.ParseTree.VARIABLE_CHILD_ARRAY}" />
    </annotation>
  </item>
  <item name="com.google.android.accessibility.utils.parsetree.ParseTreeOperatorNode ParseTreeOperatorNode(int, com.google.android.accessibility.utils.parsetree.ParseTreeNode, com.google.android.accessibility.utils.parsetree.ParseTreeNode) 0">
    <annotation name="androidx.annotation.IntDef">
      <val name="value" val="{com.google.android.accessibility.utils.parsetree.ParseTree.OPERATOR_PLUS, com.google.android.accessibility.utils.parsetree.ParseTree.OPERATOR_MINUS, com.google.android.accessibility.utils.parsetree.ParseTree.OPERATOR_MULTIPLY, com.google.android.accessibility.utils.parsetree.ParseTree.OPERATOR_DIVIDE, com.google.android.accessibility.utils.parsetree.ParseTree.OPERATOR_EQUALS, com.google.android.accessibility.utils.parsetree.ParseTree.OPERATOR_NEQUALS, com.google.android.accessibility.utils.parsetree.ParseTree.OPERATOR_LT, com.google.android.accessibility.utils.parsetree.ParseTree.OPERATOR_GT, com.google.android.accessibility.utils.parsetree.ParseTree.OPERATOR_LE, com.google.android.accessibility.utils.parsetree.ParseTree.OPERATOR_GE, com.google.android.accessibility.utils.parsetree.ParseTree.OPERATOR_AND, com.google.android.accessibility.utils.parsetree.ParseTree.OPERATOR_OR, com.google.android.accessibility.utils.parsetree.ParseTree.OPERATOR_POW}" />
    </annotation>
  </item>
  <item name="com.google.android.accessibility.utils.parsetree.ParseTreeOperatorNode boolean canCoerceTo(int) 0">
    <annotation name="androidx.annotation.IntDef">
      <val name="value" val="{com.google.android.accessibility.utils.parsetree.ParseTree.VARIABLE_BOOL, com.google.android.accessibility.utils.parsetree.ParseTree.VARIABLE_INTEGER, com.google.android.accessibility.utils.parsetree.ParseTree.VARIABLE_NUMBER, com.google.android.accessibility.utils.parsetree.ParseTree.VARIABLE_STRING, com.google.android.accessibility.utils.parsetree.ParseTree.VARIABLE_ENUM, com.google.android.accessibility.utils.parsetree.ParseTree.VARIABLE_REFERENCE, com.google.android.accessibility.utils.parsetree.ParseTree.VARIABLE_ARRAY, com.google.android.accessibility.utils.parsetree.ParseTree.VARIABLE_CHILD_ARRAY}" />
    </annotation>
  </item>
  <item name="com.google.android.accessibility.utils.parsetree.ParseTreeOperatorNode mOperator">
    <annotation name="androidx.annotation.IntDef">
      <val name="value" val="{com.google.android.accessibility.utils.parsetree.ParseTree.OPERATOR_PLUS, com.google.android.accessibility.utils.parsetree.ParseTree.OPERATOR_MINUS, com.google.android.accessibility.utils.parsetree.ParseTree.OPERATOR_MULTIPLY, com.google.android.accessibility.utils.parsetree.ParseTree.OPERATOR_DIVIDE, com.google.android.accessibility.utils.parsetree.ParseTree.OPERATOR_EQUALS, com.google.android.accessibility.utils.parsetree.ParseTree.OPERATOR_NEQUALS, com.google.android.accessibility.utils.parsetree.ParseTree.OPERATOR_LT, com.google.android.accessibility.utils.parsetree.ParseTree.OPERATOR_GT, com.google.android.accessibility.utils.parsetree.ParseTree.OPERATOR_LE, com.google.android.accessibility.utils.parsetree.ParseTree.OPERATOR_GE, com.google.android.accessibility.utils.parsetree.ParseTree.OPERATOR_AND, com.google.android.accessibility.utils.parsetree.ParseTree.OPERATOR_OR, com.google.android.accessibility.utils.parsetree.ParseTree.OPERATOR_POW}" />
    </annotation>
  </item>
  <item name="com.google.android.accessibility.utils.parsetree.ParseTreeResourceNode mType">
    <annotation name="androidx.annotation.IntDef">
      <val name="value" val="{com.google.android.accessibility.utils.parsetree.ParseTreeResourceNode.TYPE_STRING, com.google.android.accessibility.utils.parsetree.ParseTreeResourceNode.TYPE_PLURALS, com.google.android.accessibility.utils.parsetree.ParseTreeResourceNode.TYPE_RESOURCE_ID}" />
    </annotation>
  </item>
  <item name="com.google.android.accessibility.utils.parsetree.ParseTreeStringConstantNode boolean canCoerceTo(int) 0">
    <annotation name="androidx.annotation.IntDef">
      <val name="value" val="{com.google.android.accessibility.utils.parsetree.ParseTree.VARIABLE_BOOL, com.google.android.accessibility.utils.parsetree.ParseTree.VARIABLE_INTEGER, com.google.android.accessibility.utils.parsetree.ParseTree.VARIABLE_NUMBER, com.google.android.accessibility.utils.parsetree.ParseTree.VARIABLE_STRING, com.google.android.accessibility.utils.parsetree.ParseTree.VARIABLE_ENUM, com.google.android.accessibility.utils.parsetree.ParseTree.VARIABLE_REFERENCE, com.google.android.accessibility.utils.parsetree.ParseTree.VARIABLE_ARRAY, com.google.android.accessibility.utils.parsetree.ParseTree.VARIABLE_CHILD_ARRAY}" />
    </annotation>
  </item>
  <item name="com.google.android.accessibility.utils.parsetree.ParseTreeVariableNode ParseTreeVariableNode(java.lang.String, int, int) 1">
    <annotation name="androidx.annotation.IntDef">
      <val name="value" val="{com.google.android.accessibility.utils.parsetree.ParseTree.VARIABLE_BOOL, com.google.android.accessibility.utils.parsetree.ParseTree.VARIABLE_INTEGER, com.google.android.accessibility.utils.parsetree.ParseTree.VARIABLE_NUMBER, com.google.android.accessibility.utils.parsetree.ParseTree.VARIABLE_STRING, com.google.android.accessibility.utils.parsetree.ParseTree.VARIABLE_ENUM, com.google.android.accessibility.utils.parsetree.ParseTree.VARIABLE_REFERENCE, com.google.android.accessibility.utils.parsetree.ParseTree.VARIABLE_ARRAY, com.google.android.accessibility.utils.parsetree.ParseTree.VARIABLE_CHILD_ARRAY}" />
    </annotation>
  </item>
  <item name="com.google.android.accessibility.utils.parsetree.ParseTreeVariableNode ParseTreeVariableNode(java.lang.String, int, int, int) 1">
    <annotation name="androidx.annotation.IntDef">
      <val name="value" val="{com.google.android.accessibility.utils.parsetree.ParseTree.VARIABLE_BOOL, com.google.android.accessibility.utils.parsetree.ParseTree.VARIABLE_INTEGER, com.google.android.accessibility.utils.parsetree.ParseTree.VARIABLE_NUMBER, com.google.android.accessibility.utils.parsetree.ParseTree.VARIABLE_STRING, com.google.android.accessibility.utils.parsetree.ParseTree.VARIABLE_ENUM, com.google.android.accessibility.utils.parsetree.ParseTree.VARIABLE_REFERENCE, com.google.android.accessibility.utils.parsetree.ParseTree.VARIABLE_ARRAY, com.google.android.accessibility.utils.parsetree.ParseTree.VARIABLE_CHILD_ARRAY}" />
    </annotation>
  </item>
  <item name="com.google.android.accessibility.utils.parsetree.ParseTreeVariableNode boolean canCoerceTo(int) 0">
    <annotation name="androidx.annotation.IntDef">
      <val name="value" val="{com.google.android.accessibility.utils.parsetree.ParseTree.VARIABLE_BOOL, com.google.android.accessibility.utils.parsetree.ParseTree.VARIABLE_INTEGER, com.google.android.accessibility.utils.parsetree.ParseTree.VARIABLE_NUMBER, com.google.android.accessibility.utils.parsetree.ParseTree.VARIABLE_STRING, com.google.android.accessibility.utils.parsetree.ParseTree.VARIABLE_ENUM, com.google.android.accessibility.utils.parsetree.ParseTree.VARIABLE_REFERENCE, com.google.android.accessibility.utils.parsetree.ParseTree.VARIABLE_ARRAY, com.google.android.accessibility.utils.parsetree.ParseTree.VARIABLE_CHILD_ARRAY}" />
    </annotation>
  </item>
  <item name="com.google.android.accessibility.utils.parsetree.ParseTreeVariableNode mType">
    <annotation name="androidx.annotation.IntDef">
      <val name="value" val="{com.google.android.accessibility.utils.parsetree.ParseTree.VARIABLE_BOOL, com.google.android.accessibility.utils.parsetree.ParseTree.VARIABLE_INTEGER, com.google.android.accessibility.utils.parsetree.ParseTree.VARIABLE_NUMBER, com.google.android.accessibility.utils.parsetree.ParseTree.VARIABLE_STRING, com.google.android.accessibility.utils.parsetree.ParseTree.VARIABLE_ENUM, com.google.android.accessibility.utils.parsetree.ParseTree.VARIABLE_REFERENCE, com.google.android.accessibility.utils.parsetree.ParseTree.VARIABLE_ARRAY, com.google.android.accessibility.utils.parsetree.ParseTree.VARIABLE_CHILD_ARRAY}" />
    </annotation>
  </item>
</root>

