<?xml version="1.0" encoding="UTF-8"?>
<root>
  <item name="com.google.android.accessibility.talkback.interpreters.AccessibilityFocusInterpreter int getTypingMethod()">
    <annotation name="androidx.annotation.IntDef">
      <val name="value" val="{com.google.android.accessibility.talkback.focusmanagement.FocusProcessorForTapAndTouchExploration.DOUBLE_TAP, com.google.android.accessibility.talkback.focusmanagement.FocusProcessorForTapAndTouchExploration.LIFT_TO_TYPE, com.google.android.accessibility.talkback.focusmanagement.FocusProcessorForTapAndTouchExploration.FORCE_LIFT_TO_TYPE_ON_IME}" />
    </annotation>
  </item>
  <item name="com.google.android.accessibility.talkback.interpreters.AccessibilityFocusInterpreter void setTypingMethod(int) 0">
    <annotation name="androidx.annotation.IntDef">
      <val name="value" val="{com.google.android.accessibility.talkback.focusmanagement.FocusProcessorForTapAndTouchExploration.DOUBLE_TAP, com.google.android.accessibility.talkback.focusmanagement.FocusProcessorForTapAndTouchExploration.LIFT_TO_TYPE, com.google.android.accessibility.talkback.focusmanagement.FocusProcessorForTapAndTouchExploration.FORCE_LIFT_TO_TYPE_ON_IME}" />
    </annotation>
  </item>
</root>

