<?xml version="1.0" encoding="UTF-8"?>
<root>
  <item name="com.google.android.accessibility.talkback.gesture.GestureShortcutMapping.TalkBackGesture TalkBackGesture(int, int, int, int) 1">
    <annotation name="androidx.annotation.IntDef">
      <val name="value" val="{com.google.android.accessibility.talkback.gesture.GestureShortcutMapping.MULTI_FINGER, com.google.android.accessibility.talkback.gesture.GestureShortcutMapping.SINGLE_FINGER, com.google.android.accessibility.talkback.gesture.GestureShortcutMapping.FINGERPRINT}" />
    </annotation>
  </item>
  <item name="com.google.android.accessibility.talkback.gesture.GestureShortcutMapping.TalkBackGesture TalkBackGesture(int, int, int, int, int) 1">
    <annotation name="androidx.annotation.IntDef">
      <val name="value" val="{com.google.android.accessibility.talkback.gesture.GestureShortcutMapping.MULTI_FINGER, com.google.android.accessibility.talkback.gesture.GestureShortcutMapping.SINGLE_FINGER, com.google.android.accessibility.talkback.gesture.GestureShortcutMapping.FINGERPRINT}" />
    </annotation>
  </item>
  <item name="com.google.android.accessibility.talkback.gesture.GestureShortcutMapping.TalkBackGesture TalkBackGesture(int, int, int, int, int) 2">
    <annotation name="androidx.annotation.IntDef">
      <val name="value" val="{com.google.android.accessibility.talkback.gesture.GestureShortcutMapping.RTL_UNRELATED, com.google.android.accessibility.talkback.gesture.GestureShortcutMapping.LTR_GESTURE, com.google.android.accessibility.talkback.gesture.GestureShortcutMapping.RTL_GESTURE}" />
    </annotation>
  </item>
  <item name="com.google.android.accessibility.talkback.gesture.GestureShortcutMapping.TalkBackGesture gestureType">
    <annotation name="androidx.annotation.IntDef">
      <val name="value" val="{com.google.android.accessibility.talkback.gesture.GestureShortcutMapping.MULTI_FINGER, com.google.android.accessibility.talkback.gesture.GestureShortcutMapping.SINGLE_FINGER, com.google.android.accessibility.talkback.gesture.GestureShortcutMapping.FINGERPRINT}" />
    </annotation>
  </item>
  <item name="com.google.android.accessibility.talkback.gesture.GestureShortcutMapping.TalkBackGesture rtlType">
    <annotation name="androidx.annotation.IntDef">
      <val name="value" val="{com.google.android.accessibility.talkback.gesture.GestureShortcutMapping.RTL_UNRELATED, com.google.android.accessibility.talkback.gesture.GestureShortcutMapping.LTR_GESTURE, com.google.android.accessibility.talkback.gesture.GestureShortcutMapping.RTL_GESTURE}" />
    </annotation>
  </item>
</root>

