<?xml version="1.0" encoding="UTF-8"?>
<root>
  <item name="com.google.android.accessibility.talkback.preference.GestureListPreference.ActionItem ActionItem(java.lang.String, int) 1">
    <annotation name="androidx.annotation.IntDef">
      <val name="value" val="{com.google.android.accessibility.talkback.preference.GestureListPreference.TYPE_TITLE, com.google.android.accessibility.talkback.preference.GestureListPreference.TYPE_ACTION_ITEM}" />
    </annotation>
  </item>
  <item name="com.google.android.accessibility.talkback.preference.GestureListPreference.ActionItem ActionItem(java.lang.String, java.lang.String, int) 2">
    <annotation name="androidx.annotation.IntDef">
      <val name="value" val="{com.google.android.accessibility.talkback.preference.GestureListPreference.TYPE_TITLE, com.google.android.accessibility.talkback.preference.GestureListPreference.TYPE_ACTION_ITEM}" />
    </annotation>
  </item>
  <item name="com.google.android.accessibility.talkback.preference.GestureListPreference.ActionItem viewType">
    <annotation name="androidx.annotation.IntDef">
      <val name="value" val="{com.google.android.accessibility.talkback.preference.GestureListPreference.TYPE_TITLE, com.google.android.accessibility.talkback.preference.GestureListPreference.TYPE_ACTION_ITEM}" />
    </annotation>
  </item>
  <item name="com.google.android.accessibility.talkback.preference.TalkBackPreferenceFilter boolean hasFlag(com.google.android.accessibility.talkback.preference.TalkBackPreferenceFilter.TalkBackPreference, int) 1">
    <annotation name="androidx.annotation.IntDef">
      <val name="value" val="{com.google.android.accessibility.talkback.preference.TalkBackPreferenceFilter.HIDDEN_ON_TV, com.google.android.accessibility.talkback.preference.TalkBackPreferenceFilter.HIDDEN_ON_ARC, com.google.android.accessibility.talkback.preference.TalkBackPreferenceFilter.HIDDEN_ON_WATCH, com.google.android.accessibility.talkback.preference.TalkBackPreferenceFilter.HIDDEN_NO_VIBRATION, com.google.android.accessibility.talkback.preference.TalkBackPreferenceFilter.HIDDEN_SETUP, com.google.android.accessibility.talkback.preference.TalkBackPreferenceFilter.HIDDEN_HAS_ACCESSIBILITY_SHORTCUT, com.google.android.accessibility.talkback.preference.TalkBackPreferenceFilter.HIDE_NO_PROXIMITY_SENSOR, com.google.android.accessibility.talkback.preference.TalkBackPreferenceFilter.HIDE_HAS_VOLUME_KEY, com.google.android.accessibility.talkback.preference.TalkBackPreferenceFilter.HIDE_NO_BRAILLE_KEYBOARD, com.google.android.accessibility.talkback.preference.TalkBackPreferenceFilter.HIDE_NO_BRAILLE_DISPLAY, com.google.android.accessibility.talkback.preference.TalkBackPreferenceFilter.SHOW_IF_MULTI_FINGER, com.google.android.accessibility.talkback.preference.TalkBackPreferenceFilter.SHOW_IF_FINGER_PRINT, com.google.android.accessibility.talkback.preference.TalkBackPreferenceFilter.SHOW_SYSTEM_ACTION, com.google.android.accessibility.talkback.preference.TalkBackPreferenceFilter.SHOW_IF_MULTI_FINGER_TAP_AND_HOLD, com.google.android.accessibility.talkback.preference.TalkBackPreferenceFilter.SHOW_FOCUS_INDICATOR, com.google.android.accessibility.talkback.preference.TalkBackPreferenceFilter.HIDE_NO_ACCESSIBILITY_AUDIO_STREAM, com.google.android.accessibility.talkback.preference.TalkBackPreferenceFilter.HIDDEN_ON_RELEASE_BUILD, com.google.android.accessibility.talkback.preference.TalkBackPreferenceFilter.HIDDEN}" />
    </annotation>
  </item>
</root>

